"customer_id","gender","respectful_response","courteous_exchange","active_listening","multiple"
"A04830","Female",4,5,4,"Yes"
"A06667","Female",5,4,4,"Yes"
"A121664","Female",3,2,4,"Yes"
"A125688","Female",5,5,3,"Yes"
"A128723","Female",5,4,4,"Yes"
"A131826","Female",2,2,5,"Yes"
"A141988","Female",3,3,3,"Yes"
"A146981","Female",2,4,1,"Yes"
"A155369","Female",2,4,3,"Yes"
"A165071","Female",2,3,4,"Yes"
"A166320","Female",5,3,4,"Yes"
"A169002","Female",4,4,2,"Yes"
"A176270","Female",2,2,3,"Yes"
"A177150","Female",4,4,4,"Yes"
"A202517","Female",4,5,2,"Yes"
"A206123","Female",2,3,3,"Yes"
"A223123","Female",3,4,2,"Yes"
"A254137","Female",2,2,2,"Yes"
"A260461","Female",4,4,3,"Yes"
"A270578","Female",3,4,4,"Yes"
"A293164","Female",3,4,4,"Yes"
"A29486","Female",3,4,3,"Yes"
"A295468","Female",3,4,3,"Yes"
"A300601","Female",2,2,4,"Yes"
"A301811","Female",3,3,2,"Yes"
"A304266","Female",6,5,5,"Yes"
"A316138","Female",4,4,4,"Yes"
"A318319","Female",3,4,3,"Yes"
"A34326","Female",4,6,3,"Yes"
"A357267","Female",2,4,3,"Yes"
"A374706","Female",2,3,3,"Yes"
"A379980","Female",3,3,3,"Yes"
"A40824","Female",4,2,3,"Yes"
"A425221","Female",4,5,4,"Yes"
"A439589","Female",3,4,4,"Yes"
"A443954","Female",4,4,3,"Yes"
"A466060","Female",4,4,3,"Yes"
"A472924","Female",2,2,3,"Yes"
"A48668","Female",5,4,4,"Yes"
"A50168","Female",4,4,4,"Yes"
"A506823","Female",5,4,2,"Yes"
"A508226","Female",1,3,3,"Yes"
"A513224","Female",4,4,5,"Yes"
"A51913","Female",4,4,4,"Yes"
"A525629","Female",5,4,3,"Yes"
"A553226","Female",3,5,3,"Yes"
"A565557","Female",3,3,3,"Yes"
"A572964","Female",3,4,3,"Yes"
"A579005","Female",4,4,3,"Yes"
"A581416","Female",3,4,2,"Yes"
"A593331","Female",4,4,4,"Yes"
"A595003","Female",3,2,3,"Yes"
"A599326","Female",2,3,3,"Yes"
"A605807","Female",3,4,4,"Yes"
"A615311","Female",3,3,3,"Yes"
"A615789","Female",3,3,4,"Yes"
"A627705","Female",4,6,4,"Yes"
"A629515","Female",4,5,4,"Yes"
"A638022","Female",3,4,6,"Yes"
"A647291","Female",3,4,5,"Yes"
"A669802","Female",4,5,3,"Yes"
"A671833","Female",4,4,4,"Yes"
"A687783","Female",3,4,4,"Yes"
"A696580","Female",3,3,3,"Yes"
"A70661","Female",5,5,5,"Yes"
"A708666","Female",3,3,4,"Yes"
"A715491","Female",4,5,5,"Yes"
"A740543","Female",3,5,4,"Yes"
"A78645","Female",3,2,4,"Yes"
"A795494","Female",3,2,4,"Yes"
"A795602","Female",3,3,4,"Yes"
"A803107","Female",2,3,4,"Yes"
"A818327","Female",4,5,3,"Yes"
"A822901","Female",4,4,4,"Yes"
"A825502","Female",4,4,4,"Yes"
"A829889","Female",4,2,5,"Yes"
"A849397","Female",4,5,4,"Yes"
"A854142","Female",3,3,5,"Yes"
"A855887","Female",2,3,3,"Yes"
"A857076","Female",3,2,3,"Yes"
"A863691","Female",3,5,3,"Yes"
"A86912","Female",3,4,2,"Yes"
"A871046","Female",3,4,2,"Yes"
"A880064","Female",3,3,3,"Yes"
"A880413","Female",2,4,2,"Yes"
"A883961","Female",4,4,4,"Yes"
"A889769","Female",4,5,4,"Yes"
"A948573","Female",4,5,3,"Yes"
"A951002","Female",3,3,2,"Yes"
"A959352","Female",3,3,5,"Yes"
"A96078","Female",4,5,4,"Yes"
"A984966","Female",2,4,6,"Yes"
"A987044","Female",3,1,1,"Yes"
"A988584","Female",3,1,2,"Yes"
"A991604","Female",2,3,3,"Yes"
"A994697","Female",2,3,4,"Yes"
"B110173","Female",3,2,3,"Yes"
"B128794","Female",5,3,3,"Yes"
"B13324","Female",4,5,6,"Yes"
"B133945","Female",4,4,3,"Yes"
"B136240","Female",2,4,3,"Yes"
"B14813","Female",4,4,3,"Yes"
"B148329","Female",5,4,3,"Yes"
"B174619","Female",1,2,2,"Yes"
"B18063","Female",4,4,4,"Yes"
"B199888","Female",4,3,4,"Yes"
"B200191","Female",4,4,4,"Yes"
"B248010","Female",4,3,5,"Yes"
"B250093","Female",4,3,1,"Yes"
"B25572","Female",2,2,2,"Yes"
"B274609","Female",2,3,3,"Yes"
"B276870","Female",2,3,3,"Yes"
"B29049","Female",4,5,4,"Yes"
"B302343","Female",6,5,6,"Yes"
"B325435","Female",3,2,4,"Yes"
"B327796","Female",3,4,4,"Yes"
"B335074","Female",5,4,6,"Yes"
"B341496","Female",3,4,3,"Yes"
"B346107","Female",3,5,4,"Yes"
"B346362","Female",4,4,4,"Yes"
"B363210","Female",4,5,3,"Yes"
"B369784","Female",2,3,1,"Yes"
"B374505","Female",5,4,7,"Yes"
"B385712","Female",3,2,5,"Yes"
"B387011","Female",2,2,3,"Yes"
"B393356","Female",2,5,4,"Yes"
"B39992","Female",4,4,4,"Yes"
"B407189","Female",4,3,5,"Yes"
"B417357","Female",3,3,2,"Yes"
"B419356","Female",5,5,4,"Yes"
"B424659","Female",2,2,3,"Yes"
"B442835","Female",3,3,4,"Yes"
"B442948","Female",5,4,2,"Yes"
"B450091","Female",3,2,4,"Yes"
"B451399","Female",4,4,2,"Yes"
"B451989","Female",4,3,4,"Yes"
"B46761","Female",5,4,3,"Yes"
"B479208","Female",2,4,3,"Yes"
"B483014","Female",4,5,5,"Yes"
"B506027","Female",4,4,3,"Yes"
"B518186","Female",3,3,2,"Yes"
"B520911","Female",3,3,2,"Yes"
"B528021","Female",4,5,4,"Yes"
"B548061","Female",4,4,4,"Yes"
"B564637","Female",4,2,4,"Yes"
"B568158","Female",2,5,3,"Yes"
"B572303","Female",5,4,4,"Yes"
"B572550","Female",4,3,3,"Yes"
"B586243","Female",2,3,3,"Yes"
"B593910","Female",4,5,3,"Yes"
"B635354","Female",3,3,6,"Yes"
"B641384","Female",5,4,3,"Yes"
"B644010","Female",5,4,4,"Yes"
"B652550","Female",5,4,4,"Yes"
"B671396","Female",4,4,4,"Yes"
"B700580","Female",4,3,4,"Yes"
"B707938","Female",3,3,5,"Yes"
"B708960","Female",3,2,4,"Yes"
"B717434","Female",4,5,5,"Yes"
"B738725","Female",2,1,3,"Yes"
"B740110","Female",3,3,3,"Yes"
"B749266","Female",4,3,4,"Yes"
"B75095","Female",4,5,3,"Yes"
"B758777","Female",3,5,5,"Yes"
"B773288","Female",4,3,2,"Yes"
"B782897","Female",2,2,3,"Yes"
"B796987","Female",5,5,4,"Yes"
"B803995","Female",3,3,2,"Yes"
"B813452","Female",2,1,1,"Yes"
"B817366","Female",3,4,3,"Yes"
"B831451","Female",3,4,3,"Yes"
"B83164","Female",4,5,4,"Yes"
"B842292","Female",4,4,2,"Yes"
"B852131","Female",3,4,4,"Yes"
"B870877","Female",4,3,4,"Yes"
"B873691","Female",5,3,4,"Yes"
"B883991","Female",4,4,6,"Yes"
"B918969","Female",5,5,4,"Yes"
"B920374","Female",5,5,3,"Yes"
"B921488","Female",5,3,5,"Yes"
"B940410","Female",5,2,5,"Yes"
"B947370","Female",5,4,3,"Yes"
"B949126","Female",4,3,4,"Yes"
"B950623","Female",3,3,3,"Yes"
"B961572","Female",5,4,4,"Yes"
"B961799","Female",4,6,4,"Yes"
"B964240","Female",4,3,4,"Yes"
"B967208","Female",4,4,4,"Yes"
"B981530","Female",5,5,5,"Yes"
"C102532","Female",4,4,5,"Yes"
"C137039","Female",3,4,5,"Yes"
"C139501","Female",2,4,3,"Yes"
"C143365","Female",3,4,4,"Yes"
"C14997","Female",5,5,4,"Yes"
"C167419","Female",3,2,2,"Yes"
"C167969","Female",3,5,2,"Yes"
"C170328","Female",4,3,5,"Yes"
"C203739","Female",4,4,5,"Yes"
"C209549","Female",2,3,3,"Yes"
"C221288","Female",2,4,3,"Yes"
"C22138","Female",3,3,3,"Yes"
"C229879","Female",4,4,5,"Yes"
"C234083","Female",3,4,4,"Yes"
"C234795","Female",3,4,4,"Yes"
"C242980","Female",4,3,4,"Yes"
"C271341","Female",5,4,3,"Yes"
"C274032","Female",3,3,4,"Yes"
"C279290","Female",2,3,3,"Yes"
"C305571","Female",3,4,4,"Yes"
"C306117","Female",3,3,4,"Yes"
"C309857","Female",4,4,5,"Yes"
"C311055","Female",3,3,3,"Yes"
"C315562","Female",4,3,3,"Yes"
"C34648","Female",3,4,4,"Yes"
"C35778","Female",4,3,3,"Yes"
"C363428","Female",5,5,4,"Yes"
"C367217","Female",2,3,4,"Yes"
"C373743","Female",4,4,3,"Yes"
"C380194","Female",4,4,4,"Yes"
"C400987","Female",3,4,3,"Yes"
"C40270","Female",3,5,4,"Yes"
"C406267","Female",3,4,5,"Yes"
"C440041","Female",3,4,3,"Yes"
"C450994","Female",3,3,4,"Yes"
"C451458","Female",4,3,4,"Yes"
"C454652","Female",4,4,5,"Yes"
"C459569","Female",5,4,3,"Yes"
"C468489","Female",3,3,3,"Yes"
"C48384","Female",4,4,4,"Yes"
"C486385","Female",1,1,3,"Yes"
"C486534","Female",3,2,2,"Yes"
"C491926","Female",3,4,5,"Yes"
"C494352","Female",4,4,4,"Yes"
"C501850","Female",3,3,3,"Yes"
"C512310","Female",4,4,4,"Yes"
"C518382","Female",3,4,4,"Yes"
"C526917","Female",3,4,5,"Yes"
"C533910","Female",2,3,2,"Yes"
"C542651","Female",2,3,2,"Yes"
"C544905","Female",3,4,3,"Yes"
"C552632","Female",3,4,5,"Yes"
"C557593","Female",3,4,3,"Yes"
"C565791","Female",3,3,4,"Yes"
"C585619","Female",4,4,3,"Yes"
"C586578","Female",4,3,3,"Yes"
"C601774","Female",5,3,3,"Yes"
"C61226","Female",5,3,3,"Yes"
"C624351","Female",4,4,2,"Yes"
"C627306","Female",3,3,2,"Yes"
"C628526","Female",4,3,3,"Yes"
"C629897","Female",5,4,3,"Yes"
"C634232","Female",1,1,3,"Yes"
"C656853","Female",4,4,5,"Yes"
"C658180","Female",3,3,4,"Yes"
"C667596","Female",3,3,4,"Yes"
"C671723","Female",1,2,4,"Yes"
"C677416","Female",5,3,4,"Yes"
"C67850","Female",2,3,2,"Yes"
"C693256","Female",3,4,3,"Yes"
"C696811","Female",4,5,4,"Yes"
"C697741","Female",5,5,5,"Yes"
"C702452","Female",4,4,5,"Yes"
"C708997","Female",3,4,3,"Yes"
"C729520","Female",4,5,5,"Yes"
"C739541","Female",4,2,4,"Yes"
"C740658","Female",5,4,4,"Yes"
"C749771","Female",3,1,4,"Yes"
"C774228","Female",5,3,4,"Yes"
"C783546","Female",3,3,4,"Yes"
"C816362","Female",3,4,3,"Yes"
"C81893","Female",5,3,2,"Yes"
"C829612","Female",4,2,2,"Yes"
"C838302","Female",5,3,3,"Yes"
"C852951","Female",2,1,2,"Yes"
"C867426","Female",5,4,3,"Yes"
"C883607","Female",3,2,4,"Yes"
"C885204","Female",4,3,3,"Yes"
"C895790","Female",3,3,3,"Yes"
"C89879","Female",4,5,4,"Yes"
"C910095","Female",5,4,4,"Yes"
"C917569","Female",5,4,4,"Yes"
"C920444","Female",3,3,4,"Yes"
"C93992","Female",2,3,1,"Yes"
"C941074","Female",4,3,3,"Yes"
"C948796","Female",2,4,3,"Yes"
"C954172","Female",3,3,1,"Yes"
"C956479","Female",4,3,3,"Yes"
"C991909","Female",4,4,2,"Yes"
"C993846","Female",3,4,5,"Yes"
"D116664","Female",4,4,4,"Yes"
"D120097","Female",1,3,2,"Yes"
"D123626","Female",4,5,3,"Yes"
"D138886","Female",3,2,2,"Yes"
"D140678","Female",2,4,4,"Yes"
"D150042","Female",3,4,4,"Yes"
"D176597","Female",5,4,4,"Yes"
"D195797","Female",4,4,3,"Yes"
"D217513","Female",2,3,3,"Yes"
"D238077","Female",5,4,5,"Yes"
"D269899","Female",4,3,3,"Yes"
"D280771","Female",4,5,4,"Yes"
"D281561","Female",2,1,3,"Yes"
"D285013","Female",4,3,5,"Yes"
"D296869","Female",3,4,3,"Yes"
"D308819","Female",4,4,3,"Yes"
"D332841","Female",4,3,5,"Yes"
"D339447","Female",1,3,2,"Yes"
"D349985","Female",4,5,4,"Yes"
"D366186","Female",3,1,3,"Yes"
"D39042","Female",2,4,4,"Yes"
"D402096","Female",5,3,4,"Yes"
"D404497","Female",3,2,3,"Yes"
"D40474","Female",4,3,5,"Yes"
"D412136","Female",4,4,3,"Yes"
"D429172","Female",3,5,3,"Yes"
"D446145","Female",2,3,3,"Yes"
"D446709","Female",4,4,3,"Yes"
"D480469","Female",3,4,3,"Yes"
"D480755","Female",3,3,4,"Yes"
"D481847","Female",4,3,5,"Yes"
"D493302","Female",2,2,3,"Yes"
"D522183","Female",3,2,2,"Yes"
"D561564","Female",2,4,3,"Yes"
"D578489","Female",5,4,5,"Yes"
"D580035","Female",5,4,1,"Yes"
"D590579","Female",2,3,3,"Yes"
"D604002","Female",2,4,4,"Yes"
"D621970","Female",4,3,2,"Yes"
"D62748","Female",4,4,2,"Yes"
"D664916","Female",4,3,4,"Yes"
"D665731","Female",1,2,4,"Yes"
"D666505","Female",4,3,2,"Yes"
"D678099","Female",4,3,2,"Yes"
"D683005","Female",4,2,4,"Yes"
"D683409","Female",4,4,3,"Yes"
"D698621","Female",3,3,2,"Yes"
"D702658","Female",1,5,2,"Yes"
"D71220","Female",3,3,5,"Yes"
"D760092","Female",2,4,3,"Yes"
"D761680","Female",3,4,3,"Yes"
"D77080","Female",3,3,4,"Yes"
"D774087","Female",4,4,3,"Yes"
"D790505","Female",3,4,5,"Yes"
"D832053","Female",4,5,3,"Yes"
"D844892","Female",5,4,4,"Yes"
"D860746","Female",4,3,5,"Yes"
"D862321","Female",3,3,5,"Yes"
"D872983","Female",3,3,4,"Yes"
"D873060","Female",4,4,2,"Yes"
"D873414","Female",6,3,4,"Yes"
"D877929","Female",4,5,3,"Yes"
"D886128","Female",2,2,4,"Yes"
"D901316","Female",4,5,5,"Yes"
"D904626","Female",3,4,4,"Yes"
"D905118","Female",3,4,3,"Yes"
"D944092","Female",4,5,5,"Yes"
"D952319","Female",4,5,3,"Yes"
"D96885","Female",3,2,4,"Yes"
"D970501","Female",3,4,3,"Yes"
"D994268","Female",3,4,4,"Yes"
"D995911","Female",3,3,4,"Yes"
"E05259","Female",4,4,5,"Yes"
"E08758","Female",4,2,3,"Yes"
"E101429","Female",3,5,2,"Yes"
"E107655","Female",3,6,3,"Yes"
"E110276","Female",4,3,4,"Yes"
"E125562","Female",4,5,4,"Yes"
"E130506","Female",3,3,4,"Yes"
"E135976","Female",3,3,3,"Yes"
"E138231","Female",2,4,4,"Yes"
"E145894","Female",5,4,4,"Yes"
"E18649","Female",5,3,5,"Yes"
"E197128","Female",5,4,4,"Yes"
"E198809","Female",4,4,4,"Yes"
"E202148","Female",1,2,2,"Yes"
"E208605","Female",3,4,1,"Yes"
"E231042","Female",2,3,3,"Yes"
"E242415","Female",3,5,5,"Yes"
"E245051","Female",3,3,4,"Yes"
"E253261","Female",4,4,4,"Yes"
"E261748","Female",5,5,7,"Yes"
"E273995","Female",3,4,4,"Yes"
"E321920","Female",4,3,4,"Yes"
"E323139","Female",4,4,4,"Yes"
"E324070","Female",3,3,3,"Yes"
"E330599","Female",3,3,3,"Yes"
"E353352","Female",3,2,2,"Yes"
"E367250","Female",4,4,3,"Yes"
"E370537","Female",3,3,5,"Yes"
"E380602","Female",3,3,6,"Yes"
"E396045","Female",5,4,4,"Yes"
"E410356","Female",5,5,5,"Yes"
"E41379","Female",4,1,4,"Yes"
"E43004","Female",2,2,2,"Yes"
"E446263","Female",3,3,2,"Yes"
"E450349","Female",5,4,2,"Yes"
"E450808","Female",5,4,4,"Yes"
"E475593","Female",2,3,3,"Yes"
"E47652","Female",4,3,4,"Yes"
"E479598","Female",4,4,3,"Yes"
"E505861","Female",5,4,2,"Yes"
"E511723","Female",3,4,4,"Yes"
"E547215","Female",2,2,4,"Yes"
"E552099","Female",4,3,4,"Yes"
"E553725","Female",2,3,2,"Yes"
"E555705","Female",4,2,5,"Yes"
"E564058","Female",4,4,4,"Yes"
"E564911","Female",4,4,4,"Yes"
"E568576","Female",3,2,4,"Yes"
"E572839","Female",3,3,4,"Yes"
"E596633","Female",4,4,3,"Yes"
"E602471","Female",2,3,3,"Yes"
"E605510","Female",4,4,4,"Yes"
"E607371","Female",4,4,3,"Yes"
"E645811","Female",5,5,3,"Yes"
"E66024","Female",3,3,4,"Yes"
"E661654","Female",1,2,2,"Yes"
"E672215","Female",4,4,4,"Yes"
"E674988","Female",5,4,4,"Yes"
"E678852","Female",2,4,4,"Yes"
"E687638","Female",5,4,4,"Yes"
"E693837","Female",3,4,4,"Yes"
"E706607","Female",2,3,2,"Yes"
"E719559","Female",3,5,2,"Yes"
"E722502","Female",3,4,5,"Yes"
"E747706","Female",2,3,3,"Yes"
"E750964","Female",4,2,4,"Yes"
"E755897","Female",3,2,2,"Yes"
"E756084","Female",3,3,4,"Yes"
"E760180","Female",4,4,4,"Yes"
"E770575","Female",3,4,3,"Yes"
"E791178","Female",4,4,4,"Yes"
"E802487","Female",4,3,3,"Yes"
"E818912","Female",3,3,3,"Yes"
"E82552","Female",4,3,3,"Yes"
"E856185","Female",4,3,5,"Yes"
"E890386","Female",3,3,2,"Yes"
"E898891","Female",3,3,5,"Yes"
"E918150","Female",2,3,3,"Yes"
"E929442","Female",3,3,3,"Yes"
"E930275","Female",3,3,2,"Yes"
"E943977","Female",3,4,3,"Yes"
"E96218","Female",2,4,3,"Yes"
"E964588","Female",2,2,2,"Yes"
"E965419","Female",1,3,1,"Yes"
"E975865","Female",5,2,4,"Yes"
"E996692","Female",4,4,3,"Yes"
"E998043","Female",4,4,5,"Yes"
"F02497","Female",1,3,2,"Yes"
"F105245","Female",3,4,2,"Yes"
"F116821","Female",2,3,3,"Yes"
"F119249","Female",6,5,4,"Yes"
"F122731","Female",3,5,3,"Yes"
"F157997","Female",3,4,4,"Yes"
"F16781","Female",4,3,4,"Yes"
"F172554","Female",3,4,3,"Yes"
"F180372","Female",4,5,5,"Yes"
"F186234","Female",4,4,4,"Yes"
"F193526","Female",3,4,3,"Yes"
"F198326","Female",2,3,4,"Yes"
"F215060","Female",2,5,4,"Yes"
"F239052","Female",2,1,5,"Yes"
"F242347","Female",2,4,3,"Yes"
"F269503","Female",5,4,4,"Yes"
"F275266","Female",5,4,4,"Yes"
"F286459","Female",2,4,3,"Yes"
"F31690","Female",3,3,2,"Yes"
"F329263","Female",5,4,3,"Yes"
"F345391","Female",3,2,3,"Yes"
"F353304","Female",3,4,4,"Yes"
"F364598","Female",3,4,5,"Yes"
"F366337","Female",4,2,4,"Yes"
"F38173","Female",3,4,4,"Yes"
"F383331","Female",3,2,3,"Yes"
"F396974","Female",4,2,4,"Yes"
"F409116","Female",3,3,3,"Yes"
"F412119","Female",4,4,5,"Yes"
"F418834","Female",3,3,2,"Yes"
"F423698","Female",4,4,5,"Yes"
"F426265","Female",3,1,4,"Yes"
"F43067","Female",5,4,5,"Yes"
"F437041","Female",4,2,3,"Yes"
"F44875","Female",3,5,3,"Yes"
"F454437","Female",4,4,4,"Yes"
"F471155","Female",4,4,5,"Yes"
"F486144","Female",3,4,3,"Yes"
"F498478","Female",3,3,5,"Yes"
"F506160","Female",5,6,4,"Yes"
"F514518","Female",3,4,3,"Yes"
"F515768","Female",2,4,2,"Yes"
"F515835","Female",3,4,4,"Yes"
"F520698","Female",4,5,4,"Yes"
"F524918","Female",4,3,6,"Yes"
"F531124","Female",3,5,5,"Yes"
"F533118","Female",2,3,3,"Yes"
"F534259","Female",6,3,5,"Yes"
"F535092","Female",3,2,4,"Yes"
"F537282","Female",5,3,5,"Yes"
"F552828","Female",2,3,2,"Yes"
"F558455","Female",3,4,5,"Yes"
"F570484","Female",3,4,4,"Yes"
"F584338","Female",4,4,4,"Yes"
"F586435","Female",2,2,1,"Yes"
"F610309","Female",3,4,3,"Yes"
"F635594","Female",4,3,4,"Yes"
"F636452","Female",3,4,3,"Yes"
"F638638","Female",4,3,1,"Yes"
"F639139","Female",3,3,2,"Yes"
"F649912","Female",3,3,4,"Yes"
"F652541","Female",3,3,2,"Yes"
"F656551","Female",5,5,3,"Yes"
"F679245","Female",4,4,4,"Yes"
"F697244","Female",2,4,3,"Yes"
"F707493","Female",3,5,5,"Yes"
"F719220","Female",3,3,1,"Yes"
"F757995","Female",5,4,4,"Yes"
"F768518","Female",3,4,4,"Yes"
"F799896","Female",4,2,5,"Yes"
"F801493","Female",2,5,1,"Yes"
"F809236","Female",1,5,3,"Yes"
"F812880","Female",4,3,4,"Yes"
"F815786","Female",4,4,4,"Yes"
"F834875","Female",2,4,3,"Yes"
"F836680","Female",2,2,2,"Yes"
"F843369","Female",3,3,2,"Yes"
"F84786","Female",2,4,4,"Yes"
"F85431","Female",4,4,2,"Yes"
"F855746","Female",4,4,4,"Yes"
"F856239","Female",4,5,4,"Yes"
"F86943","Female",4,5,5,"Yes"
"F873880","Female",4,4,4,"Yes"
"F876097","Female",3,3,3,"Yes"
"F881222","Female",3,3,2,"Yes"
"F897077","Female",3,3,4,"Yes"
"F910877","Female",5,5,3,"Yes"
"F923846","Female",4,3,3,"Yes"
"F926070","Female",3,3,5,"Yes"
"F934616","Female",3,4,3,"Yes"
"F945096","Female",3,5,2,"Yes"
"F953442","Female",2,4,2,"Yes"
"F963617","Female",5,5,5,"Yes"
"F977509","Female",4,4,3,"Yes"
"F994396","Female",4,3,3,"Yes"
"G122279","Female",3,3,3,"Yes"
"G137820","Female",3,4,1,"Yes"
"G169859","Female",3,4,4,"Yes"
"G18578","Female",4,4,3,"Yes"
"G194988","Female",5,4,4,"Yes"
"G198481","Female",3,2,4,"Yes"
"G214956","Female",3,2,3,"Yes"
"G215973","Female",4,3,5,"Yes"
"G246830","Female",4,4,4,"Yes"
"G248257","Female",3,4,3,"Yes"
"G255435","Female",5,5,4,"Yes"
"G257423","Female",4,4,2,"Yes"
"G258705","Female",4,2,5,"Yes"
"G267189","Female",3,2,3,"Yes"
"G30274","Female",2,3,4,"Yes"
"G320703","Female",4,5,3,"Yes"
"G332624","Female",3,4,2,"Yes"
"G336446","Female",4,2,4,"Yes"
"G346319","Female",2,2,3,"Yes"
"G372041","Female",4,4,6,"Yes"
"G417160","Female",5,4,4,"Yes"
"G428249","Female",3,4,3,"Yes"
"G434946","Female",3,5,3,"Yes"
"G442682","Female",3,3,4,"Yes"
"G460115","Female",5,4,4,"Yes"
"G466917","Female",2,2,3,"Yes"
"G470445","Female",4,4,3,"Yes"
"G472732","Female",2,3,4,"Yes"
"G486098","Female",2,3,1,"Yes"
"G491883","Female",4,5,4,"Yes"
"G540539","Female",4,5,5,"Yes"
"G551449","Female",4,3,5,"Yes"
"G55258","Female",5,3,3,"Yes"
"G557255","Female",4,5,4,"Yes"
"G557674","Female",5,3,3,"Yes"
"G578584","Female",4,3,3,"Yes"
"G605184","Female",4,4,2,"Yes"
"G627048","Female",4,3,4,"Yes"
"G647110","Female",4,4,4,"Yes"
"G64810","Female",3,4,1,"Yes"
"G650313","Female",3,2,2,"Yes"
"G670932","Female",4,6,5,"Yes"
"G670980","Female",3,4,2,"Yes"
"G671583","Female",4,4,5,"Yes"
"G676884","Female",2,3,3,"Yes"
"G678658","Female",4,5,4,"Yes"
"G707517","Female",4,4,3,"Yes"
"G72246","Female",3,4,3,"Yes"
"G733851","Female",3,2,2,"Yes"
"G745212","Female",4,3,3,"Yes"
"G753886","Female",2,3,3,"Yes"
"G755151","Female",5,2,4,"Yes"
"G856109","Female",4,6,5,"Yes"
"G868055","Female",3,3,2,"Yes"
"G873962","Female",4,4,5,"Yes"
"G885667","Female",3,5,4,"Yes"
"G885904","Female",4,3,3,"Yes"
"G88929","Female",3,2,3,"Yes"
"G897228","Female",4,4,5,"Yes"
"G914245","Female",2,1,2,"Yes"
"G914703","Female",2,4,4,"Yes"
"G916594","Female",5,4,3,"Yes"
"G920737","Female",2,3,3,"Yes"
"G924469","Female",4,5,6,"Yes"
"G927101","Female",2,2,3,"Yes"
"G932741","Female",4,6,3,"Yes"
"G947589","Female",3,2,4,"Yes"
"G957553","Female",2,3,3,"Yes"
"G991106","Female",3,3,4,"Yes"
"H02721","Female",4,3,3,"Yes"
"H05636","Female",4,6,3,"Yes"
"H100341","Female",4,4,3,"Yes"
"H10198","Female",2,3,4,"Yes"
"H103547","Female",4,5,4,"Yes"
"H104879","Female",4,3,2,"Yes"
"H10521","Female",3,4,4,"Yes"
"H106495","Female",3,4,4,"Yes"
"H107535","Female",3,2,2,"Yes"
"H108393","Female",3,4,4,"Yes"
"H118911","Female",3,3,5,"Yes"
"H131682","Female",5,4,4,"Yes"
"H134108","Female",5,4,4,"Yes"
"H145896","Female",2,3,3,"Yes"
"H153949","Female",4,2,3,"Yes"
"H155905","Female",3,3,2,"Yes"
"H171672","Female",3,5,3,"Yes"
"H173763","Female",4,1,3,"Yes"
"H179945","Female",3,3,5,"Yes"
"H202571","Female",3,3,5,"Yes"
"H203149","Female",2,4,4,"Yes"
"H232921","Female",2,4,4,"Yes"
"H24863","Female",5,4,3,"Yes"
"H268652","Female",4,4,4,"Yes"
"H289802","Female",4,4,3,"Yes"
"H304203","Female",5,5,6,"Yes"
"H305043","Female",1,3,3,"Yes"
"H309760","Female",5,4,3,"Yes"
"H326789","Female",4,3,3,"Yes"
"H330611","Female",5,5,2,"Yes"
"H35497","Female",4,4,4,"Yes"
"H358470","Female",4,5,4,"Yes"
"H365334","Female",4,3,2,"Yes"
"H368014","Female",5,4,5,"Yes"
"H375394","Female",4,5,4,"Yes"
"H404111","Female",4,4,4,"Yes"
"H406692","Female",4,3,3,"Yes"
"H411705","Female",4,3,3,"Yes"
"H418550","Female",3,3,4,"Yes"
"H427572","Female",5,5,5,"Yes"
"H441282","Female",3,1,4,"Yes"
"H457208","Female",3,4,4,"Yes"
"H463610","Female",2,4,2,"Yes"
"H466889","Female",5,4,4,"Yes"
"H466983","Female",5,4,4,"Yes"
"H51608","Female",4,5,4,"Yes"
"H525851","Female",3,4,3,"Yes"
"H530265","Female",4,5,3,"Yes"
"H545752","Female",3,3,5,"Yes"
"H557046","Female",4,4,4,"Yes"
"H557601","Female",5,3,4,"Yes"
"H558630","Female",4,5,2,"Yes"
"H568978","Female",3,4,3,"Yes"
"H575679","Female",3,1,2,"Yes"
"H609180","Female",3,3,4,"Yes"
"H620644","Female",3,1,2,"Yes"
"H623733","Female",3,3,2,"Yes"
"H630459","Female",2,3,4,"Yes"
"H632227","Female",4,2,3,"Yes"
"H634606","Female",5,4,5,"Yes"
"H652696","Female",4,3,4,"Yes"
"H669815","Female",5,3,5,"Yes"
"H671131","Female",3,4,5,"Yes"
"H681000","Female",3,3,5,"Yes"
"H682549","Female",4,4,3,"Yes"
"H683825","Female",3,4,4,"Yes"
"H691053","Female",4,5,4,"Yes"
"H750197","Female",3,3,5,"Yes"
"H751283","Female",4,4,4,"Yes"
"H782363","Female",3,2,3,"Yes"
"H788828","Female",5,4,4,"Yes"
"H799114","Female",3,3,4,"Yes"
"H802305","Female",4,4,4,"Yes"
"H813478","Female",4,3,6,"Yes"
"H841746","Female",2,3,3,"Yes"
"H849889","Female",3,4,4,"Yes"
"H858502","Female",3,2,3,"Yes"
"H866338","Female",2,3,3,"Yes"
"H875358","Female",5,3,2,"Yes"
"H88477","Female",3,5,4,"Yes"
"H906819","Female",4,4,4,"Yes"
"H906834","Female",2,3,3,"Yes"
"H916308","Female",2,3,3,"Yes"
"H93869","Female",5,3,5,"Yes"
"H942511","Female",2,3,2,"Yes"
"H958211","Female",3,4,3,"Yes"
"H973126","Female",4,2,3,"Yes"
"H974723","Female",4,3,2,"Yes"
"H978429","Female",4,3,4,"Yes"
"H978832","Female",2,3,4,"Yes"
"H984949","Female",5,3,4,"Yes"
"H988583","Female",3,4,4,"Yes"
"H990431","Female",2,2,4,"Yes"
"H991225","Female",3,4,4,"Yes"
"H995944","Female",3,3,3,"Yes"
"I04614","Female",2,2,3,"Yes"
"I08065","Female",4,3,2,"Yes"
"I09844","Female",3,5,4,"Yes"
"I110210","Female",3,3,2,"Yes"
"I117898","Female",4,2,5,"Yes"
"I119198","Female",3,4,1,"Yes"
"I124834","Female",4,3,4,"Yes"
"I132993","Female",1,2,2,"Yes"
"I133946","Female",2,6,4,"Yes"
"I136611","Female",4,3,3,"Yes"
"I142610","Female",4,3,5,"Yes"
"I208078","Female",3,3,3,"Yes"
"I237134","Female",3,4,3,"Yes"
"I239753","Female",4,5,2,"Yes"
"I243405","Female",5,5,4,"Yes"
"I249423","Female",3,4,5,"Yes"
"I257218","Female",5,4,4,"Yes"
"I273760","Female",5,3,2,"Yes"
"I288648","Female",4,3,4,"Yes"
"I300822","Female",3,3,2,"Yes"
"I319064","Female",4,4,4,"Yes"
"I33248","Female",4,4,5,"Yes"
"I341606","Female",2,1,3,"Yes"
"I347202","Female",3,4,2,"Yes"
"I354535","Female",2,2,3,"Yes"
"I354960","Female",3,4,4,"Yes"
"I362734","Female",5,4,5,"Yes"
"I383783","Female",3,4,2,"Yes"
"I383825","Female",2,1,1,"Yes"
"I385226","Female",5,5,5,"Yes"
"I398459","Female",4,4,5,"Yes"
"I41510","Female",5,5,4,"Yes"
"I442489","Female",5,4,4,"Yes"
"I459228","Female",5,5,4,"Yes"
"I474789","Female",4,3,3,"Yes"
"I475020","Female",2,5,4,"Yes"
"I489435","Female",5,4,2,"Yes"
"I496795","Female",4,3,3,"Yes"
"I514878","Female",4,3,4,"Yes"
"I524441","Female",5,3,3,"Yes"
"I526734","Female",4,3,4,"Yes"
"I530820","Female",3,4,5,"Yes"
"I553103","Female",1,1,2,"Yes"
"I567163","Female",5,5,4,"Yes"
"I580698","Female",5,3,3,"Yes"
"I589605","Female",6,3,4,"Yes"
"I602999","Female",2,4,5,"Yes"
"I621118","Female",4,4,3,"Yes"
"I627613","Female",5,4,5,"Yes"
"I636533","Female",3,3,3,"Yes"
"I642753","Female",4,4,3,"Yes"
"I664660","Female",5,4,6,"Yes"
"I674556","Female",4,3,4,"Yes"
"I677834","Female",3,2,2,"Yes"
"I682933","Female",4,3,5,"Yes"
"I698954","Female",4,4,4,"Yes"
"I714132","Female",5,6,4,"Yes"
"I718294","Female",3,5,3,"Yes"
"I720429","Female",3,3,4,"Yes"
"I735245","Female",3,4,4,"Yes"
"I757738","Female",3,4,3,"Yes"
"I761396","Female",3,4,2,"Yes"
"I768093","Female",4,3,4,"Yes"
"I768412","Female",3,4,3,"Yes"
"I783595","Female",3,5,3,"Yes"
"I787180","Female",3,2,3,"Yes"
"I792505","Female",3,1,2,"Yes"
"I845157","Female",4,3,4,"Yes"
"I85282","Female",6,5,5,"Yes"
"I853175","Female",2,2,3,"Yes"
"I860167","Female",2,3,3,"Yes"
"I87058","Female",3,4,4,"Yes"
"I873153","Female",3,4,4,"Yes"
"I873687","Female",3,3,3,"Yes"
"I87541","Female",5,3,5,"Yes"
"I879525","Female",4,3,4,"Yes"
"I88700","Female",3,4,3,"Yes"
"I891354","Female",3,3,3,"Yes"
"I894965","Female",3,4,4,"Yes"
"I918785","Female",2,4,4,"Yes"
"I933774","Female",3,5,4,"Yes"
"I939809","Female",5,4,4,"Yes"
"I951271","Female",4,3,3,"Yes"
"I953052","Female",4,3,3,"Yes"
"I959338","Female",5,5,3,"Yes"
"I969152","Female",3,5,4,"Yes"
"J06852","Female",3,3,3,"Yes"
"J122044","Female",5,4,6,"Yes"
"J126105","Female",2,2,2,"Yes"
"J141371","Female",3,5,3,"Yes"
"J153143","Female",2,4,4,"Yes"
"J156250","Female",4,3,3,"Yes"
"J168263","Female",4,2,2,"Yes"
"J195719","Female",3,3,2,"Yes"
"J207539","Female",4,4,5,"Yes"
"J21342","Female",4,5,4,"Yes"
"J220096","Female",3,3,3,"Yes"
"J227266","Female",5,4,4,"Yes"
"J227824","Female",3,3,4,"Yes"
"J237830","Female",2,3,2,"Yes"
"J241242","Female",3,6,6,"Yes"
"J25646","Female",4,4,5,"Yes"
"J272172","Female",4,4,3,"Yes"
"J280552","Female",3,4,5,"Yes"
"J284155","Female",4,4,5,"Yes"
"J314399","Female",4,2,3,"Yes"
"J333300","Female",3,2,2,"Yes"
"J336967","Female",3,4,4,"Yes"
"J341138","Female",6,4,5,"Yes"
"J383885","Female",4,6,5,"Yes"
"J39435","Female",3,5,3,"Yes"
"J397554","Female",3,4,4,"Yes"
"J437588","Female",3,5,4,"Yes"
"J460469","Female",2,5,3,"Yes"
"J470984","Female",3,3,5,"Yes"
"J474988","Female",3,3,2,"Yes"
"J480465","Female",4,3,3,"Yes"
"J489262","Female",5,5,5,"Yes"
"J495193","Female",5,5,5,"Yes"
"J499878","Female",3,4,3,"Yes"
"J511617","Female",5,5,5,"Yes"
"J512358","Female",5,5,3,"Yes"
"J527231","Female",6,5,5,"Yes"
"J534622","Female",4,3,3,"Yes"
"J557174","Female",3,3,3,"Yes"
"J568210","Female",4,4,4,"Yes"
"J575074","Female",5,4,4,"Yes"
"J584243","Female",2,3,3,"Yes"
"J588514","Female",1,3,4,"Yes"
"J60514","Female",6,4,5,"Yes"
"J607278","Female",4,2,5,"Yes"
"J610196","Female",3,4,4,"Yes"
"J611355","Female",6,4,4,"Yes"
"J612800","Female",3,4,2,"Yes"
"J622479","Female",4,3,4,"Yes"
"J633340","Female",4,5,4,"Yes"
"J636797","Female",4,3,2,"Yes"
"J641339","Female",2,2,5,"Yes"
"J66174","Female",3,3,5,"Yes"
"J671867","Female",4,4,4,"Yes"
"J673680","Female",5,4,4,"Yes"
"J709344","Female",4,4,4,"Yes"
"J73042","Female",5,5,4,"Yes"
"J730494","Female",4,3,4,"Yes"
"J740076","Female",3,5,3,"Yes"
"J752914","Female",4,4,3,"Yes"
"J765743","Female",1,4,1,"Yes"
"J790219","Female",3,5,3,"Yes"
"J812375","Female",4,4,3,"Yes"
"J830447","Female",2,2,3,"Yes"
"J850495","Female",5,5,2,"Yes"
"J857580","Female",3,3,2,"Yes"
"J865464","Female",3,2,3,"Yes"
"J869368","Female",4,3,3,"Yes"
"J881798","Female",4,3,4,"Yes"
"J892510","Female",4,4,3,"Yes"
"J908654","Female",1,2,3,"Yes"
"J909235","Female",3,3,3,"Yes"
"J927885","Female",4,3,3,"Yes"
"J951737","Female",3,3,2,"Yes"
"J961713","Female",3,3,3,"Yes"
"J968084","Female",2,3,3,"Yes"
"J972903","Female",5,3,5,"Yes"
"J980369","Female",5,3,5,"Yes"
"J980639","Female",2,2,3,"Yes"
"J988002","Female",5,5,5,"Yes"
"J990450","Female",4,3,3,"Yes"
"J991902","Female",3,3,5,"Yes"
"K114992","Female",4,5,3,"Yes"
"K11670","Female",3,3,3,"Yes"
"K123613","Female",4,3,4,"Yes"
"K133355","Female",4,3,2,"Yes"
"K170633","Female",3,3,4,"Yes"
"K179771","Female",3,3,3,"Yes"
"K189332","Female",5,4,7,"Yes"
"K189437","Female",3,4,5,"Yes"
"K191035","Female",5,3,3,"Yes"
"K19269","Female",5,5,4,"Yes"
"K207956","Female",4,5,2,"Yes"
"K208350","Female",4,3,3,"Yes"
"K20948","Female",5,3,5,"Yes"
"K256847","Female",5,3,3,"Yes"
"K288187","Female",4,4,3,"Yes"
"K309886","Female",3,4,4,"Yes"
"K314149","Female",4,4,5,"Yes"
"K339158","Female",3,3,3,"Yes"
"K340706","Female",3,5,3,"Yes"
"K38297","Female",3,5,3,"Yes"
"K392319","Female",1,3,2,"Yes"
"K400482","Female",3,2,3,"Yes"
"K401117","Female",2,3,2,"Yes"
"K412150","Female",3,5,5,"Yes"
"K414359","Female",4,4,4,"Yes"
"K421794","Female",6,6,8,"Yes"
"K426407","Female",3,3,3,"Yes"
"K429689","Female",3,3,5,"Yes"
"K43066","Female",2,3,3,"Yes"
"K443043","Female",4,3,4,"Yes"
"K446948","Female",2,3,3,"Yes"
"K447350","Female",4,3,4,"Yes"
"K452042","Female",4,3,3,"Yes"
"K465973","Female",2,3,3,"Yes"
"K472000","Female",5,4,3,"Yes"
"K487772","Female",3,3,4,"Yes"
"K493530","Female",4,4,4,"Yes"
"K498495","Female",3,3,3,"Yes"
"K527252","Female",4,6,5,"Yes"
"K532128","Female",3,3,4,"Yes"
"K551039","Female",3,5,3,"Yes"
"K557225","Female",3,5,3,"Yes"
"K559003","Female",2,2,2,"Yes"
"K579776","Female",2,3,3,"Yes"
"K580285","Female",4,5,6,"Yes"
"K583451","Female",2,2,4,"Yes"
"K598923","Female",2,3,4,"Yes"
"K60043","Female",5,2,2,"Yes"
"K601905","Female",2,2,5,"Yes"
"K61066","Female",3,3,2,"Yes"
"K65163","Female",3,4,5,"Yes"
"K669208","Female",4,4,3,"Yes"
"K682011","Female",3,6,4,"Yes"
"K685277","Female",3,4,4,"Yes"
"K698636","Female",2,2,3,"Yes"
"K69985","Female",3,5,4,"Yes"
"K710503","Female",5,4,5,"Yes"
"K732032","Female",6,5,6,"Yes"
"K737582","Female",4,3,3,"Yes"
"K751586","Female",3,5,2,"Yes"
"K76431","Female",3,4,3,"Yes"
"K784562","Female",5,4,5,"Yes"
"K797257","Female",3,4,2,"Yes"
"K814248","Female",2,2,3,"Yes"
"K825853","Female",3,3,2,"Yes"
"K845651","Female",4,2,3,"Yes"
"K853563","Female",5,3,3,"Yes"
"K853735","Female",4,4,5,"Yes"
"K861096","Female",1,2,1,"Yes"
"K874544","Female",2,5,2,"Yes"
"K876816","Female",3,3,4,"Yes"
"K894220","Female",3,4,3,"Yes"
"K900916","Female",3,3,4,"Yes"
"K905632","Female",2,5,2,"Yes"
"K930656","Female",3,3,5,"Yes"
"K938207","Female",3,4,4,"Yes"
"K945329","Female",3,4,2,"Yes"
"K958078","Female",4,4,3,"Yes"
"K960941","Female",5,3,4,"Yes"
"K963843","Female",3,5,3,"Yes"
"L113911","Female",3,4,5,"Yes"
"L12753","Female",3,4,4,"Yes"
"L129384","Female",2,2,4,"Yes"
"L145038","Female",4,4,3,"Yes"
"L170558","Female",3,3,4,"Yes"
"L180827","Female",5,5,4,"Yes"
"L20895","Female",4,5,4,"Yes"
"L219105","Female",3,3,3,"Yes"
"L223677","Female",4,4,5,"Yes"
"L287625","Female",4,3,4,"Yes"
"L291188","Female",3,3,3,"Yes"
"L306709","Female",5,4,5,"Yes"
"L312068","Female",4,4,4,"Yes"
"L318986","Female",4,3,3,"Yes"
"L327497","Female",2,1,3,"Yes"
"L34147","Female",4,4,4,"Yes"
"L343348","Female",4,6,3,"Yes"
"L390014","Female",4,3,5,"Yes"
"L398663","Female",3,4,3,"Yes"
"L405130","Female",4,5,3,"Yes"
"L406991","Female",1,2,4,"Yes"
"L412640","Female",3,3,4,"Yes"
"L421212","Female",4,4,2,"Yes"
"L435243","Female",4,2,2,"Yes"
"L43661","Female",3,4,2,"Yes"
"L447145","Female",1,1,3,"Yes"
"L458235","Female",4,3,3,"Yes"
"L469539","Female",3,5,3,"Yes"
"L473992","Female",5,4,2,"Yes"
"L485651","Female",5,4,2,"Yes"
"L494196","Female",4,4,3,"Yes"
"L497911","Female",4,5,3,"Yes"
"L507374","Female",4,4,3,"Yes"
"L533388","Female",3,3,4,"Yes"
"L554717","Female",4,3,5,"Yes"
"L562712","Female",2,2,2,"Yes"
"L568891","Female",4,3,5,"Yes"
"L576279","Female",2,3,4,"Yes"
"L588460","Female",5,4,4,"Yes"
"L595428","Female",2,2,3,"Yes"
"L597636","Female",2,1,2,"Yes"
"L599775","Female",3,2,3,"Yes"
"L604308","Female",3,4,2,"Yes"
"L608283","Female",4,3,3,"Yes"
"L615653","Female",6,4,4,"Yes"
"L619270","Female",1,1,1,"Yes"
"L628548","Female",2,3,2,"Yes"
"L632280","Female",4,4,5,"Yes"
"L634686","Female",3,4,4,"Yes"
"L647810","Female",3,3,3,"Yes"
"L667560","Female",5,5,3,"Yes"
"L681773","Female",2,1,4,"Yes"
"L686627","Female",3,4,4,"Yes"
"L690004","Female",1,2,2,"Yes"
"L694022","Female",3,4,3,"Yes"
"L698060","Female",4,5,5,"Yes"
"L700603","Female",2,4,3,"Yes"
"L702595","Female",3,2,4,"Yes"
"L717585","Female",3,3,2,"Yes"
"L72577","Female",2,4,4,"Yes"
"L734540","Female",2,3,4,"Yes"
"L779958","Female",3,3,3,"Yes"
"L825804","Female",3,3,3,"Yes"
"L838387","Female",4,3,3,"Yes"
"L839648","Female",4,2,2,"Yes"
"L842847","Female",4,4,3,"Yes"
"L859969","Female",3,3,3,"Yes"
"L895574","Female",2,1,4,"Yes"
"L912239","Female",4,3,4,"Yes"
"L913375","Female",2,3,3,"Yes"
"L928794","Female",3,4,2,"Yes"
"L929915","Female",4,4,5,"Yes"
"L932066","Female",3,4,4,"Yes"
"L937805","Female",4,3,5,"Yes"
"L947214","Female",1,3,4,"Yes"
"L954651","Female",3,5,3,"Yes"
"L973953","Female",3,3,4,"Yes"
"L974545","Female",4,3,4,"Yes"
"L97798","Female",2,2,2,"Yes"
"L980608","Female",2,3,3,"Yes"
"L982121","Female",2,2,2,"Yes"
"M06058","Female",2,4,3,"Yes"
"M07714","Female",5,3,5,"Yes"
"M115442","Female",5,5,4,"Yes"
"M124801","Female",5,5,3,"Yes"
"M127329","Female",4,4,5,"Yes"
"M132319","Female",3,4,3,"Yes"
"M138012","Female",4,4,4,"Yes"
"M171160","Female",3,2,3,"Yes"
"M193491","Female",3,3,5,"Yes"
"M200082","Female",4,5,3,"Yes"
"M244914","Female",4,4,4,"Yes"
"M245526","Female",3,3,4,"Yes"
"M255421","Female",5,5,3,"Yes"
"M258307","Female",4,3,3,"Yes"
"M268103","Female",4,4,3,"Yes"
"M27166","Female",3,4,3,"Yes"
"M275292","Female",2,3,3,"Yes"
"M286443","Female",3,4,4,"Yes"
"M337097","Female",4,4,5,"Yes"
"M356621","Female",2,2,4,"Yes"
"M376642","Female",4,4,3,"Yes"
"M387930","Female",2,2,3,"Yes"
"M404814","Female",4,2,3,"Yes"
"M407052","Female",3,4,2,"Yes"
"M410334","Female",4,4,3,"Yes"
"M429173","Female",4,4,5,"Yes"
"M45175","Female",3,3,3,"Yes"
"M453355","Female",2,2,3,"Yes"
"M494039","Female",3,3,3,"Yes"
"M500465","Female",4,2,2,"Yes"
"M505731","Female",3,2,2,"Yes"
"M520636","Female",3,3,4,"Yes"
"M520773","Female",4,3,6,"Yes"
"M590359","Female",3,4,5,"Yes"
"M649398","Female",4,4,4,"Yes"
"M651215","Female",5,2,4,"Yes"
"M692858","Female",5,4,4,"Yes"
"M701595","Female",1,3,3,"Yes"
"M713475","Female",4,2,4,"Yes"
"M723914","Female",3,2,4,"Yes"
"M726047","Female",4,4,1,"Yes"
"M750817","Female",2,4,3,"Yes"
"M752980","Female",3,3,3,"Yes"
"M754335","Female",3,4,3,"Yes"
"M771929","Female",3,2,3,"Yes"
"M786135","Female",2,3,5,"Yes"
"M791093","Female",4,3,4,"Yes"
"M796774","Female",3,4,3,"Yes"
"M809132","Female",3,5,4,"Yes"
"M881363","Female",3,2,3,"Yes"
"M890549","Female",4,1,2,"Yes"
"M892824","Female",4,3,4,"Yes"
"M893176","Female",3,2,2,"Yes"
"M920267","Female",4,4,3,"Yes"
"M921632","Female",2,4,2,"Yes"
"M925867","Female",4,4,5,"Yes"
"M949486","Female",4,5,4,"Yes"
"M950404","Female",5,4,4,"Yes"
"M954789","Female",2,3,2,"Yes"
"M959797","Female",5,5,4,"Yes"
"M964781","Female",2,2,2,"Yes"
"M966711","Female",2,3,5,"Yes"
"M979438","Female",3,4,2,"Yes"
"M979535","Female",2,2,3,"Yes"
"M982083","Female",4,4,4,"Yes"
"M99576","Female",5,5,4,"Yes"
"N122384","Female",4,3,3,"Yes"
"N126788","Female",5,5,4,"Yes"
"N136593","Female",1,1,2,"Yes"
"N16219","Female",3,4,4,"Yes"
"N162822","Female",1,2,2,"Yes"
"N16660","Female",5,5,3,"Yes"
"N202881","Female",2,3,3,"Yes"
"N204246","Female",3,4,4,"Yes"
"N21173","Female",5,3,4,"Yes"
"N213769","Female",4,4,2,"Yes"
"N222050","Female",4,5,4,"Yes"
"N231414","Female",5,4,5,"Yes"
"N247032","Female",5,3,3,"Yes"
"N247196","Female",2,4,5,"Yes"
"N26220","Female",3,4,5,"Yes"
"N271219","Female",4,3,5,"Yes"
"N275888","Female",3,1,3,"Yes"
"N279918","Female",2,3,3,"Yes"
"N289327","Female",2,2,3,"Yes"
"N304752","Female",4,3,3,"Yes"
"N306950","Female",1,3,2,"Yes"
"N315696","Female",4,5,5,"Yes"
"N34730","Female",2,4,5,"Yes"
"N355645","Female",4,4,3,"Yes"
"N367856","Female",3,4,3,"Yes"
"N375820","Female",4,3,3,"Yes"
"N385296","Female",3,4,3,"Yes"
"N392260","Female",5,3,3,"Yes"
"N404807","Female",4,4,4,"Yes"
"N409898","Female",3,5,3,"Yes"
"N425438","Female",1,3,4,"Yes"
"N452057","Female",3,3,4,"Yes"
"N480736","Female",5,5,4,"Yes"
"N49031","Female",2,4,3,"Yes"
"N497781","Female",2,3,3,"Yes"
"N505155","Female",3,4,2,"Yes"
"N516432","Female",1,2,3,"Yes"
"N520045","Female",4,3,4,"Yes"
"N523061","Female",3,4,5,"Yes"
"N523308","Female",5,5,4,"Yes"
"N524138","Female",3,4,3,"Yes"
"N527948","Female",1,2,2,"Yes"
"N532538","Female",4,3,3,"Yes"
"N543253","Female",3,4,5,"Yes"
"N580999","Female",4,4,4,"Yes"
"N584184","Female",2,2,3,"Yes"
"N620346","Female",5,4,4,"Yes"
"N621695","Female",3,3,3,"Yes"
"N646505","Female",2,3,3,"Yes"
"N654093","Female",5,4,4,"Yes"
"N663585","Female",3,4,3,"Yes"
"N700604","Female",4,4,3,"Yes"
"N720342","Female",4,6,3,"Yes"
"N729901","Female",2,2,3,"Yes"
"N744979","Female",4,6,4,"Yes"
"N756117","Female",2,4,5,"Yes"
"N762092","Female",3,4,4,"Yes"
"N76486","Female",1,1,3,"Yes"
"N769210","Female",5,5,4,"Yes"
"N794031","Female",4,3,4,"Yes"
"N795132","Female",3,4,3,"Yes"
"N804575","Female",6,4,5,"Yes"
"N805051","Female",4,3,3,"Yes"
"N811620","Female",5,4,4,"Yes"
"N813159","Female",4,4,5,"Yes"
"N826897","Female",3,4,4,"Yes"
"N843105","Female",3,4,2,"Yes"
"N85718","Female",2,4,6,"Yes"
"N858050","Female",2,3,3,"Yes"
"N863885","Female",3,3,3,"Yes"
"N864363","Female",2,3,3,"Yes"
"N871548","Female",2,3,1,"Yes"
"N884662","Female",1,3,2,"Yes"
"N893933","Female",3,2,2,"Yes"
"N894031","Female",4,4,2,"Yes"
"N894789","Female",4,2,4,"Yes"
"N90031","Female",4,3,3,"Yes"
"N919727","Female",3,3,4,"Yes"
"N93074","Female",4,3,4,"Yes"
"N93461","Female",5,5,4,"Yes"
"N953071","Female",4,4,4,"Yes"
"N956188","Female",3,4,3,"Yes"
"N960316","Female",3,4,3,"Yes"
"N995093","Female",3,5,3,"Yes"
"O101585","Female",2,2,2,"Yes"
"O122056","Female",4,5,2,"Yes"
"O144814","Female",4,5,4,"Yes"
"O150988","Female",4,5,3,"Yes"
"O156883","Female",3,3,3,"Yes"
"O17401","Female",3,2,4,"Yes"
"O179523","Female",5,3,4,"Yes"
"O181132","Female",3,3,3,"Yes"
"O19563","Female",1,3,3,"Yes"
"O199225","Female",4,5,4,"Yes"
"O208180","Female",3,5,4,"Yes"
"O220358","Female",2,2,3,"Yes"
"O224103","Female",5,4,4,"Yes"
"O236581","Female",2,2,2,"Yes"
"O256047","Female",4,5,5,"Yes"
"O257034","Female",5,2,5,"Yes"
"O261091","Female",4,4,4,"Yes"
"O261679","Female",2,1,1,"Yes"
"O265761","Female",3,4,3,"Yes"
"O270789","Female",5,5,4,"Yes"
"O292800","Female",4,4,4,"Yes"
"O307232","Female",3,4,3,"Yes"
"O342390","Female",3,2,4,"Yes"
"O347208","Female",2,2,2,"Yes"
"O362996","Female",3,3,4,"Yes"
"O402306","Female",1,2,2,"Yes"
"O403114","Female",3,4,4,"Yes"
"O404871","Female",4,5,3,"Yes"
"O412041","Female",4,3,4,"Yes"
"O416626","Female",3,4,5,"Yes"
"O431640","Female",3,1,2,"Yes"
"O435835","Female",3,3,3,"Yes"
"O463456","Female",4,4,3,"Yes"
"O466894","Female",4,4,3,"Yes"
"O472020","Female",3,3,3,"Yes"
"O505123","Female",4,3,3,"Yes"
"O511762","Female",4,5,4,"Yes"
"O529706","Female",5,3,3,"Yes"
"O546888","Female",3,5,5,"Yes"
"O549028","Female",4,4,4,"Yes"
"O555493","Female",5,4,3,"Yes"
"O560903","Female",2,3,4,"Yes"
"O583603","Female",3,3,4,"Yes"
"O587608","Female",2,3,3,"Yes"
"O61652","Female",3,3,3,"Yes"
"O656797","Female",3,3,3,"Yes"
"O667890","Female",4,5,5,"Yes"
"O686657","Female",5,4,4,"Yes"
"O691193","Female",3,4,3,"Yes"
"O708479","Female",3,4,2,"Yes"
"O739489","Female",6,5,5,"Yes"
"O753379","Female",2,2,2,"Yes"
"O763178","Female",5,5,4,"Yes"
"O764702","Female",3,3,5,"Yes"
"O769028","Female",3,3,2,"Yes"
"O791333","Female",4,5,3,"Yes"
"O810951","Female",3,3,4,"Yes"
"O818301","Female",4,3,3,"Yes"
"O821312","Female",4,3,5,"Yes"
"O839517","Female",2,2,2,"Yes"
"O841175","Female",3,3,3,"Yes"
"O843903","Female",2,4,3,"Yes"
"O845822","Female",3,5,5,"Yes"
"O84683","Female",2,3,3,"Yes"
"O847856","Female",3,3,3,"Yes"
"O848423","Female",3,3,2,"Yes"
"O852356","Female",4,4,4,"Yes"
"O877559","Female",4,4,1,"Yes"
"O880598","Female",3,5,2,"Yes"
"O884860","Female",2,2,2,"Yes"
"O886055","Female",2,1,3,"Yes"
"O890607","Female",1,2,2,"Yes"
"O894158","Female",4,5,4,"Yes"
"O897232","Female",5,2,4,"Yes"
"O900811","Female",3,4,5,"Yes"
"O903764","Female",5,6,4,"Yes"
"O916460","Female",3,3,2,"Yes"
"O91882","Female",5,5,4,"Yes"
"O924950","Female",4,3,5,"Yes"
"O928853","Female",4,4,5,"Yes"
"O931429","Female",3,2,4,"Yes"
"O937146","Female",2,3,6,"Yes"
"O949277","Female",4,4,4,"Yes"
"O950616","Female",4,4,4,"Yes"
"O952685","Female",4,2,4,"Yes"
"O955596","Female",5,2,4,"Yes"
"O958151","Female",2,3,2,"Yes"
"O967292","Female",2,4,4,"Yes"
"O970720","Female",5,4,5,"Yes"
"O995027","Female",3,1,5,"Yes"
"P01863","Female",4,5,4,"Yes"
"P05841","Female",5,5,3,"Yes"
"P100818","Female",3,3,3,"Yes"
"P107939","Female",6,6,5,"Yes"
"P121501","Female",3,4,2,"Yes"
"P123935","Female",5,6,5,"Yes"
"P127304","Female",5,5,4,"Yes"
"P139155","Female",3,2,3,"Yes"
"P140379","Female",4,4,3,"Yes"
"P141322","Female",3,4,2,"Yes"
"P166416","Female",4,3,3,"Yes"
"P172027","Female",2,3,3,"Yes"
"P180229","Female",4,3,3,"Yes"
"P200154","Female",3,2,2,"Yes"
"P208976","Female",4,6,3,"Yes"
"P212521","Female",3,3,3,"Yes"
"P222819","Female",4,3,4,"Yes"
"P228431","Female",3,2,3,"Yes"
"P263005","Female",5,3,4,"Yes"
"P268506","Female",4,3,4,"Yes"
"P288650","Female",4,3,2,"Yes"
"P290956","Female",3,4,4,"Yes"
"P299531","Female",3,3,4,"Yes"
"P310809","Female",2,3,2,"Yes"
"P318419","Female",3,3,3,"Yes"
"P319624","Female",5,4,4,"Yes"
"P325481","Female",4,3,4,"Yes"
"P33478","Female",3,4,4,"Yes"
"P342976","Female",3,3,3,"Yes"
"P351495","Female",5,4,6,"Yes"
"P35308","Female",5,4,4,"Yes"
"P355136","Female",5,4,4,"Yes"
"P358529","Female",5,6,5,"Yes"
"P365570","Female",5,6,3,"Yes"
"P36699","Female",5,5,4,"Yes"
"P40019","Female",2,3,3,"Yes"
"P401883","Female",4,4,4,"Yes"
"P403100","Female",4,4,4,"Yes"
"P420577","Female",6,5,4,"Yes"
"P42965","Female",4,4,4,"Yes"
"P43520","Female",3,3,2,"Yes"
"P449828","Female",2,1,3,"Yes"
"P452954","Female",2,4,2,"Yes"
"P456447","Female",4,5,4,"Yes"
"P458031","Female",4,3,2,"Yes"
"P458494","Female",2,3,2,"Yes"
"P46765","Female",6,3,5,"Yes"
"P495171","Female",2,3,3,"Yes"
"P530226","Female",5,3,4,"Yes"
"P536859","Female",4,4,3,"Yes"
"P54060","Female",4,3,4,"Yes"
"P553271","Female",5,3,3,"Yes"
"P560448","Female",2,2,2,"Yes"
"P564059","Female",3,4,2,"Yes"
"P57385","Female",2,3,4,"Yes"
"P576674","Female",4,4,4,"Yes"
"P57969","Female",4,3,3,"Yes"
"P606593","Female",7,6,4,"Yes"
"P606795","Female",3,3,2,"Yes"
"P619058","Female",6,5,6,"Yes"
"P626190","Female",5,4,5,"Yes"
"P62772","Female",3,2,3,"Yes"
"P631143","Female",3,5,3,"Yes"
"P635169","Female",4,5,3,"Yes"
"P650282","Female",5,4,5,"Yes"
"P661258","Female",5,3,4,"Yes"
"P668082","Female",4,5,5,"Yes"
"P685158","Female",5,3,4,"Yes"
"P689291","Female",4,5,3,"Yes"
"P706486","Female",5,4,3,"Yes"
"P729485","Female",3,4,4,"Yes"
"P733036","Female",4,2,2,"Yes"
"P752095","Female",3,4,4,"Yes"
"P764987","Female",6,3,4,"Yes"
"P768995","Female",3,3,3,"Yes"
"P780501","Female",4,4,5,"Yes"
"P784259","Female",3,4,3,"Yes"
"P789306","Female",5,4,5,"Yes"
"P793379","Female",4,4,4,"Yes"
"P820298","Female",3,4,3,"Yes"
"P82698","Female",3,5,3,"Yes"
"P841552","Female",3,3,3,"Yes"
"P849493","Female",3,1,4,"Yes"
"P854121","Female",6,6,3,"Yes"
"P854487","Female",5,4,4,"Yes"
"P857810","Female",3,3,3,"Yes"
"P872354","Female",3,5,4,"Yes"
"P873435","Female",3,2,4,"Yes"
"P87929","Female",3,4,3,"Yes"
"P944183","Female",4,3,3,"Yes"
"P946439","Female",2,2,2,"Yes"
"P948888","Female",5,3,3,"Yes"
"P961504","Female",5,4,6,"Yes"
"P973504","Female",2,3,5,"Yes"
"P976608","Female",4,3,2,"Yes"
"P980194","Female",3,3,4,"Yes"
"P987295","Female",2,4,2,"Yes"
"P994086","Female",4,4,3,"Yes"
"P997019","Female",5,5,3,"Yes"
"Q06720","Female",3,3,3,"Yes"
"Q100782","Female",3,4,3,"Yes"
"Q103360","Female",5,4,5,"Yes"
"Q122695","Female",3,4,3,"Yes"
"Q136086","Female",5,4,6,"Yes"
"Q14524","Female",3,4,5,"Yes"
"Q147980","Female",4,4,4,"Yes"
"Q164590","Female",4,4,4,"Yes"
"Q17056","Female",3,3,3,"Yes"
"Q190990","Female",4,4,3,"Yes"
"Q19503","Female",3,3,3,"Yes"
"Q197121","Female",3,3,3,"Yes"
"Q240766","Female",5,6,4,"Yes"
"Q248113","Female",4,3,4,"Yes"
"Q24833","Female",4,2,4,"Yes"
"Q251689","Female",6,6,6,"Yes"
"Q259243","Female",3,3,4,"Yes"
"Q263465","Female",4,4,3,"Yes"
"Q26506","Female",4,3,3,"Yes"
"Q279060","Female",4,5,4,"Yes"
"Q299497","Female",3,4,4,"Yes"
"Q32290","Female",3,4,3,"Yes"
"Q326191","Female",4,4,5,"Yes"
"Q335167","Female",4,4,6,"Yes"
"Q345021","Female",3,2,3,"Yes"
"Q345034","Female",2,3,4,"Yes"
"Q348233","Female",4,3,3,"Yes"
"Q359482","Female",3,3,2,"Yes"
"Q378447","Female",4,4,4,"Yes"
"Q404548","Female",2,4,3,"Yes"
"Q408580","Female",3,3,4,"Yes"
"Q417407","Female",4,3,3,"Yes"
"Q418090","Female",2,3,3,"Yes"
"Q430632","Female",3,4,4,"Yes"
"Q450492","Female",4,4,5,"Yes"
"Q453288","Female",5,3,5,"Yes"
"Q455677","Female",5,4,4,"Yes"
"Q46672","Female",3,3,3,"Yes"
"Q474525","Female",4,2,4,"Yes"
"Q482787","Female",2,2,4,"Yes"
"Q486994","Female",4,4,4,"Yes"
"Q491662","Female",2,4,3,"Yes"
"Q501175","Female",4,2,5,"Yes"
"Q501688","Female",5,5,4,"Yes"
"Q52428","Female",4,4,4,"Yes"
"Q527117","Female",4,4,7,"Yes"
"Q539467","Female",4,5,3,"Yes"
"Q542788","Female",2,3,3,"Yes"
"Q546354","Female",3,4,3,"Yes"
"Q549624","Female",3,3,3,"Yes"
"Q551674","Female",3,2,2,"Yes"
"Q577098","Female",3,4,4,"Yes"
"Q581002","Female",2,4,4,"Yes"
"Q608767","Female",4,2,3,"Yes"
"Q611025","Female",3,5,3,"Yes"
"Q61554","Female",2,3,4,"Yes"
"Q615981","Female",2,3,1,"Yes"
"Q61916","Female",4,5,3,"Yes"
"Q625380","Female",4,5,1,"Yes"
"Q632278","Female",4,3,4,"Yes"
"Q640899","Female",2,3,4,"Yes"
"Q641611","Female",5,2,3,"Yes"
"Q642279","Female",4,4,3,"Yes"
"Q64706","Female",4,3,3,"Yes"
"Q65833","Female",4,4,3,"Yes"
"Q667742","Female",3,3,2,"Yes"
"Q668333","Female",3,3,3,"Yes"
"Q675449","Female",4,2,4,"Yes"
"Q676795","Female",4,4,2,"Yes"
"Q701785","Female",4,3,6,"Yes"
"Q706777","Female",5,3,4,"Yes"
"Q713051","Female",5,3,4,"Yes"
"Q724137","Female",6,5,5,"Yes"
"Q726606","Female",5,4,3,"Yes"
"Q734676","Female",4,3,4,"Yes"
"Q749337","Female",2,2,5,"Yes"
"Q750226","Female",5,3,1,"Yes"
"Q756941","Female",5,5,6,"Yes"
"Q765651","Female",4,5,4,"Yes"
"Q768350","Female",3,4,3,"Yes"
"Q796173","Female",4,6,3,"Yes"
"Q796182","Female",4,4,5,"Yes"
"Q804547","Female",4,4,2,"Yes"
"Q81623","Female",3,4,2,"Yes"
"Q816736","Female",4,5,3,"Yes"
"Q831134","Female",4,3,3,"Yes"
"Q843780","Female",6,4,4,"Yes"
"Q864563","Female",5,3,4,"Yes"
"Q867792","Female",2,2,1,"Yes"
"Q875442","Female",2,1,2,"Yes"
"Q879197","Female",4,4,4,"Yes"
"Q895834","Female",2,3,2,"Yes"
"Q903534","Female",4,4,4,"Yes"
"Q907189","Female",3,4,2,"Yes"
"Q917221","Female",4,4,4,"Yes"
"Q917311","Female",4,4,3,"Yes"
"Q918133","Female",3,2,4,"Yes"
"Q925183","Female",2,3,3,"Yes"
"Q937859","Female",2,2,4,"Yes"
"Q940232","Female",4,4,4,"Yes"
"Q943269","Female",3,3,3,"Yes"
"Q951171","Female",4,4,4,"Yes"
"Q978096","Female",5,5,3,"Yes"
"Q980177","Female",4,4,4,"Yes"
"Q985321","Female",2,4,2,"Yes"
"Q994964","Female",3,2,3,"Yes"
"R12402","Female",4,5,3,"Yes"
"R125693","Female",3,3,4,"Yes"
"R132582","Female",4,2,2,"Yes"
"R145875","Female",3,3,3,"Yes"
"R163571","Female",3,3,3,"Yes"
"R183041","Female",5,5,4,"Yes"
"R184517","Female",5,5,4,"Yes"
"R189303","Female",2,4,4,"Yes"
"R190531","Female",4,4,4,"Yes"
"R194134","Female",4,3,3,"Yes"
"R211232","Female",2,3,3,"Yes"
"R235638","Female",3,2,3,"Yes"
"R261202","Female",5,5,4,"Yes"
"R27796","Female",2,3,2,"Yes"
"R279501","Female",3,3,4,"Yes"
"R304458","Female",3,4,4,"Yes"
"R305280","Female",3,3,2,"Yes"
"R310806","Female",5,5,4,"Yes"
"R313998","Female",2,1,2,"Yes"
"R349356","Female",2,5,3,"Yes"
"R359034","Female",4,1,2,"Yes"
"R359792","Female",4,4,3,"Yes"
"R39027","Female",4,5,4,"Yes"
"R394240","Female",1,2,3,"Yes"
"R416972","Female",4,3,3,"Yes"
"R424568","Female",4,3,3,"Yes"
"R425303","Female",2,3,4,"Yes"
"R437395","Female",3,3,5,"Yes"
"R453449","Female",4,3,2,"Yes"
"R457250","Female",5,5,4,"Yes"
"R468320","Female",3,3,4,"Yes"
"R493661","Female",5,4,4,"Yes"
"R495303","Female",6,4,4,"Yes"
"R496936","Female",4,4,3,"Yes"
"R501652","Female",3,4,3,"Yes"
"R512389","Female",2,2,4,"Yes"
"R513986","Female",2,3,3,"Yes"
"R517437","Female",3,4,4,"Yes"
"R532468","Female",2,3,3,"Yes"
"R536449","Female",5,3,4,"Yes"
"R563759","Female",5,5,5,"Yes"
"R565040","Female",2,2,2,"Yes"
"R577652","Female",3,2,2,"Yes"
"R590022","Female",4,3,3,"Yes"
"R612188","Female",4,3,4,"Yes"
"R616110","Female",3,4,3,"Yes"
"R625579","Female",5,4,4,"Yes"
"R65614","Female",4,4,4,"Yes"
"R658797","Female",3,4,4,"Yes"
"R673895","Female",2,2,3,"Yes"
"R686175","Female",4,3,2,"Yes"
"R686984","Female",3,3,3,"Yes"
"R702919","Female",3,3,3,"Yes"
"R714826","Female",4,5,3,"Yes"
"R715020","Female",2,3,3,"Yes"
"R716458","Female",3,3,4,"Yes"
"R720761","Female",3,3,4,"Yes"
"R726035","Female",5,5,2,"Yes"
"R791095","Female",4,3,3,"Yes"
"R818123","Female",5,5,5,"Yes"
"R829775","Female",3,4,3,"Yes"
"R867905","Female",3,6,3,"Yes"
"R939963","Female",2,1,3,"Yes"
"R941342","Female",4,3,5,"Yes"
"R945498","Female",4,3,3,"Yes"
"R949574","Female",2,2,2,"Yes"
"R960206","Female",5,4,3,"Yes"
"R960457","Female",3,3,2,"Yes"
"R962213","Female",7,4,7,"Yes"
"R973770","Female",4,3,3,"Yes"
"R974706","Female",4,4,4,"Yes"
"R981365","Female",2,3,3,"Yes"
"R983561","Female",2,4,3,"Yes"
"R98590","Female",4,5,4,"Yes"
"R997294","Female",4,4,3,"Yes"
"S05848","Female",5,4,5,"Yes"
"S06924","Female",3,5,2,"Yes"
"S102431","Female",4,3,4,"Yes"
"S112154","Female",4,4,4,"Yes"
"S120509","Female",3,2,1,"Yes"
"S123232","Female",3,4,3,"Yes"
"S150511","Female",4,4,4,"Yes"
"S161309","Female",4,4,4,"Yes"
"S18718","Female",3,4,3,"Yes"
"S191552","Female",2,3,2,"Yes"
"S19660","Female",5,2,4,"Yes"
"S199408","Female",5,2,5,"Yes"
"S201981","Female",4,2,4,"Yes"
"S214992","Female",3,5,2,"Yes"
"S22771","Female",4,3,4,"Yes"
"S228451","Female",4,5,3,"Yes"
"S231734","Female",4,2,3,"Yes"
"S233742","Female",2,3,5,"Yes"
"S235498","Female",6,3,4,"Yes"
"S242586","Female",4,6,4,"Yes"
"S250340","Female",2,5,4,"Yes"
"S256921","Female",5,4,4,"Yes"
"S257413","Female",5,4,3,"Yes"
"S281786","Female",4,5,2,"Yes"
"S285667","Female",4,6,6,"Yes"
"S286355","Female",3,3,4,"Yes"
"S287151","Female",4,3,4,"Yes"
"S287194","Female",3,4,3,"Yes"
"S295367","Female",3,3,3,"Yes"
"S311262","Female",4,4,4,"Yes"
"S320947","Female",3,2,3,"Yes"
"S322375","Female",4,4,5,"Yes"
"S322948","Female",2,2,1,"Yes"
"S324519","Female",3,2,3,"Yes"
"S332430","Female",4,5,4,"Yes"
"S34044","Female",3,3,4,"Yes"
"S341578","Female",4,4,4,"Yes"
"S34743","Female",3,3,2,"Yes"
"S353547","Female",4,4,3,"Yes"
"S370452","Female",5,4,3,"Yes"
"S380569","Female",3,2,3,"Yes"
"S388590","Female",3,4,3,"Yes"
"S397862","Female",3,2,3,"Yes"
"S407948","Female",3,2,3,"Yes"
"S424834","Female",3,2,3,"Yes"
"S433497","Female",5,4,4,"Yes"
"S451747","Female",4,5,4,"Yes"
"S455794","Female",4,3,4,"Yes"
"S457891","Female",6,4,4,"Yes"
"S459186","Female",3,4,5,"Yes"
"S461725","Female",1,2,2,"Yes"
"S465851","Female",3,3,2,"Yes"
"S46702","Female",5,5,4,"Yes"
"S472625","Female",3,3,4,"Yes"
"S482304","Female",6,7,6,"Yes"
"S487094","Female",5,5,5,"Yes"
"S504552","Female",2,2,1,"Yes"
"S517271","Female",4,4,5,"Yes"
"S524938","Female",3,3,4,"Yes"
"S528281","Female",5,4,4,"Yes"
"S542395","Female",2,4,4,"Yes"
"S557168","Female",5,6,5,"Yes"
"S571014","Female",3,3,4,"Yes"
"S584863","Female",3,2,3,"Yes"
"S587488","Female",3,4,4,"Yes"
"S588320","Female",4,4,3,"Yes"
"S589285","Female",5,3,3,"Yes"
"S600591","Female",4,4,4,"Yes"
"S611900","Female",4,4,5,"Yes"
"S612810","Female",5,4,4,"Yes"
"S615734","Female",4,7,5,"Yes"
"S627734","Female",4,5,4,"Yes"
"S631327","Female",3,5,2,"Yes"
"S635582","Female",3,4,4,"Yes"
"S636055","Female",4,2,4,"Yes"
"S655334","Female",3,4,4,"Yes"
"S66397","Female",2,2,2,"Yes"
"S664476","Female",5,5,5,"Yes"
"S664878","Female",6,3,2,"Yes"
"S690107","Female",4,3,5,"Yes"
"S693485","Female",4,1,5,"Yes"
"S698557","Female",4,5,4,"Yes"
"S703204","Female",3,3,2,"Yes"
"S704223","Female",4,4,3,"Yes"
"S708977","Female",4,4,3,"Yes"
"S721167","Female",4,2,3,"Yes"
"S72442","Female",4,5,3,"Yes"
"S731503","Female",3,3,3,"Yes"
"S744209","Female",2,3,3,"Yes"
"S749342","Female",3,4,6,"Yes"
"S769641","Female",2,3,2,"Yes"
"S773157","Female",4,4,4,"Yes"
"S782248","Female",2,3,3,"Yes"
"S785720","Female",2,3,3,"Yes"
"S814360","Female",2,4,2,"Yes"
"S815475","Female",3,3,3,"Yes"
"S82041","Female",4,3,2,"Yes"
"S83663","Female",3,3,2,"Yes"
"S859045","Female",2,3,2,"Yes"
"S860728","Female",4,3,4,"Yes"
"S894096","Female",4,6,4,"Yes"
"S904300","Female",3,3,4,"Yes"
"S904420","Female",3,4,3,"Yes"
"S944238","Female",4,4,4,"Yes"
"S952903","Female",4,4,3,"Yes"
"S983615","Female",4,3,2,"Yes"
"T00191","Female",4,4,4,"Yes"
"T03134","Female",2,2,5,"Yes"
"T09327","Female",3,3,4,"Yes"
"T102385","Female",3,3,3,"Yes"
"T107292","Female",3,4,2,"Yes"
"T111377","Female",3,4,4,"Yes"
"T115827","Female",4,3,5,"Yes"
"T122908","Female",3,4,3,"Yes"
"T130709","Female",4,5,4,"Yes"
"T13306","Female",3,3,4,"Yes"
"T155621","Female",4,4,3,"Yes"
"T156975","Female",5,4,3,"Yes"
"T161115","Female",4,5,4,"Yes"
"T164384","Female",2,3,2,"Yes"
"T166384","Female",4,4,5,"Yes"
"T169300","Female",4,4,6,"Yes"
"T177275","Female",3,3,4,"Yes"
"T179156","Female",1,3,3,"Yes"
"T182614","Female",3,3,5,"Yes"
"T191083","Female",3,5,3,"Yes"
"T191186","Female",3,5,2,"Yes"
"T195574","Female",3,2,4,"Yes"
"T20095","Female",3,2,2,"Yes"
"T207990","Female",4,5,4,"Yes"
"T208294","Female",2,4,3,"Yes"
"T215382","Female",2,5,2,"Yes"
"T21860","Female",3,4,3,"Yes"
"T222357","Female",3,2,3,"Yes"
"T22671","Female",3,4,3,"Yes"
"T240001","Female",3,3,2,"Yes"
"T240588","Female",5,5,4,"Yes"
"T24419","Female",2,4,4,"Yes"
"T260778","Female",4,4,4,"Yes"
"T274245","Female",5,4,4,"Yes"
"T276313","Female",2,3,3,"Yes"
"T295047","Female",3,3,3,"Yes"
"T297716","Female",2,2,3,"Yes"
"T302014","Female",3,3,3,"Yes"
"T302615","Female",3,4,4,"Yes"
"T30297","Female",2,3,3,"Yes"
"T30358","Female",3,3,3,"Yes"
"T355395","Female",3,2,5,"Yes"
"T357711","Female",3,3,4,"Yes"
"T359597","Female",4,4,5,"Yes"
"T369132","Female",3,3,2,"Yes"
"T374120","Female",4,1,4,"Yes"
"T377657","Female",4,4,3,"Yes"
"T417251","Female",3,3,5,"Yes"
"T420398","Female",6,6,5,"Yes"
"T431514","Female",2,2,4,"Yes"
"T444872","Female",5,3,3,"Yes"
"T446100","Female",3,2,2,"Yes"
"T45538","Female",4,4,4,"Yes"
"T482163","Female",3,3,3,"Yes"
"T491190","Female",3,4,3,"Yes"
"T499528","Female",2,5,4,"Yes"
"T503074","Female",4,3,5,"Yes"
"T504980","Female",6,4,5,"Yes"
"T519693","Female",5,5,5,"Yes"
"T545830","Female",4,3,3,"Yes"
"T54891","Female",3,3,3,"Yes"
"T557583","Female",4,3,3,"Yes"
"T565722","Female",4,4,3,"Yes"
"T56833","Female",3,4,5,"Yes"
"T570311","Female",4,4,5,"Yes"
"T57126","Female",2,1,2,"Yes"
"T577346","Female",4,3,3,"Yes"
"T590399","Female",4,4,3,"Yes"
"T590890","Female",3,4,4,"Yes"
"T591964","Female",4,3,3,"Yes"
"T592373","Female",5,4,4,"Yes"
"T59603","Female",2,2,4,"Yes"
"T606858","Female",2,2,4,"Yes"
"T620393","Female",2,3,3,"Yes"
"T626833","Female",3,3,4,"Yes"
"T638317","Female",3,2,3,"Yes"
"T643468","Female",3,2,4,"Yes"
"T658447","Female",3,5,4,"Yes"
"T697778","Female",4,3,5,"Yes"
"T708376","Female",3,3,3,"Yes"
"T709501","Female",5,3,3,"Yes"
"T719053","Female",6,6,3,"Yes"
"T730897","Female",2,2,3,"Yes"
"T732352","Female",4,4,4,"Yes"
"T75528","Female",3,3,4,"Yes"
"T759009","Female",4,4,4,"Yes"
"T762967","Female",3,4,3,"Yes"
"T770495","Female",4,3,4,"Yes"
"T784519","Female",4,4,3,"Yes"
"T805948","Female",4,3,4,"Yes"
"T806687","Female",3,5,2,"Yes"
"T813748","Female",3,3,2,"Yes"
"T81402","Female",3,4,5,"Yes"
"T824376","Female",6,5,3,"Yes"
"T83491","Female",5,5,5,"Yes"
"T839003","Female",3,4,3,"Yes"
"T840029","Female",2,3,3,"Yes"
"T841767","Female",5,4,5,"Yes"
"T846662","Female",4,3,2,"Yes"
"T849288","Female",4,5,5,"Yes"
"T860986","Female",4,4,3,"Yes"
"T864638","Female",3,3,2,"Yes"
"T866355","Female",3,6,4,"Yes"
"T867131","Female",4,4,4,"Yes"
"T879160","Female",3,3,4,"Yes"
"T933057","Female",3,3,4,"Yes"
"T939239","Female",3,4,4,"Yes"
"T982698","Female",4,5,3,"Yes"
"T99095","Female",4,2,2,"Yes"
"T993713","Female",2,3,4,"Yes"
"T994346","Female",4,3,5,"Yes"
"U04002","Female",3,3,4,"Yes"
"U121835","Female",5,4,4,"Yes"
"U148916","Female",4,3,2,"Yes"
"U164846","Female",2,3,5,"Yes"
"U169694","Female",3,4,4,"Yes"
"U180646","Female",3,4,4,"Yes"
"U186366","Female",4,4,3,"Yes"
"U207706","Female",4,3,5,"Yes"
"U215061","Female",3,3,5,"Yes"
"U218866","Female",3,4,4,"Yes"
"U236179","Female",4,1,4,"Yes"
"U271265","Female",5,3,4,"Yes"
"U272006","Female",4,3,5,"Yes"
"U277761","Female",3,3,4,"Yes"
"U282565","Female",4,4,3,"Yes"
"U300358","Female",4,4,3,"Yes"
"U30387","Female",4,5,5,"Yes"
"U307619","Female",3,4,2,"Yes"
"U315086","Female",3,4,3,"Yes"
"U325455","Female",5,4,6,"Yes"
"U332484","Female",3,4,4,"Yes"
"U338809","Female",4,5,5,"Yes"
"U36625","Female",3,4,3,"Yes"
"U372337","Female",2,5,3,"Yes"
"U407326","Female",4,4,3,"Yes"
"U412541","Female",4,4,3,"Yes"
"U422627","Female",3,4,3,"Yes"
"U448618","Female",4,3,2,"Yes"
"U460373","Female",4,6,5,"Yes"
"U463755","Female",2,2,5,"Yes"
"U469398","Female",3,3,5,"Yes"
"U469886","Female",2,2,3,"Yes"
"U479043","Female",4,5,4,"Yes"
"U505805","Female",2,3,3,"Yes"
"U509405","Female",2,2,3,"Yes"
"U518400","Female",4,5,5,"Yes"
"U52206","Female",4,5,4,"Yes"
"U531334","Female",4,4,5,"Yes"
"U53701","Female",4,3,3,"Yes"
"U561554","Female",4,4,5,"Yes"
"U565764","Female",3,1,2,"Yes"
"U567243","Female",3,3,4,"Yes"
"U593443","Female",3,4,4,"Yes"
"U607425","Female",5,4,1,"Yes"
"U622257","Female",2,3,4,"Yes"
"U625153","Female",2,3,4,"Yes"
"U630888","Female",3,3,3,"Yes"
"U631731","Female",4,3,2,"Yes"
"U644626","Female",3,2,4,"Yes"
"U645837","Female",4,4,3,"Yes"
"U66424","Female",2,3,3,"Yes"
"U738468","Female",3,4,2,"Yes"
"U746589","Female",3,4,3,"Yes"
"U746779","Female",4,3,2,"Yes"
"U755992","Female",4,3,4,"Yes"
"U774556","Female",5,5,4,"Yes"
"U781970","Female",3,1,2,"Yes"
"U783014","Female",5,4,4,"Yes"
"U790894","Female",4,2,4,"Yes"
"U791625","Female",6,4,5,"Yes"
"U821333","Female",2,3,3,"Yes"
"U83203","Female",2,2,3,"Yes"
"U836701","Female",3,3,4,"Yes"
"U840079","Female",3,2,4,"Yes"
"U873148","Female",3,3,4,"Yes"
"U889368","Female",5,3,3,"Yes"
"U908663","Female",4,2,4,"Yes"
"U911080","Female",3,4,1,"Yes"
"U924025","Female",2,5,4,"Yes"
"U931407","Female",3,4,4,"Yes"
"U939454","Female",4,2,3,"Yes"
"U954852","Female",4,3,3,"Yes"
"U960393","Female",4,3,3,"Yes"
"U976048","Female",5,5,3,"Yes"
"U98284","Female",4,2,5,"Yes"
"U993807","Female",3,4,3,"Yes"
"U997168","Female",3,4,5,"Yes"
"V102290","Female",3,4,5,"Yes"
"V109553","Female",4,5,4,"Yes"
"V123994","Female",5,4,2,"Yes"
"V125585","Female",3,4,3,"Yes"
"V137712","Female",3,3,4,"Yes"
"V148850","Female",2,1,4,"Yes"
"V155685","Female",3,4,5,"Yes"
"V162258","Female",4,3,4,"Yes"
"V197580","Female",3,1,3,"Yes"
"V204161","Female",3,4,3,"Yes"
"V205649","Female",4,4,2,"Yes"
"V207992","Female",5,5,2,"Yes"
"V217092","Female",4,3,5,"Yes"
"V224713","Female",3,2,6,"Yes"
"V231505","Female",5,4,4,"Yes"
"V251779","Female",2,2,3,"Yes"
"V258672","Female",2,3,4,"Yes"
"V280043","Female",4,5,7,"Yes"
"V283441","Female",3,4,4,"Yes"
"V286928","Female",5,3,4,"Yes"
"V289484","Female",3,4,4,"Yes"
"V316726","Female",2,1,1,"Yes"
"V320235","Female",3,4,4,"Yes"
"V334521","Female",4,4,3,"Yes"
"V350641","Female",4,4,4,"Yes"
"V352534","Female",5,5,4,"Yes"
"V366783","Female",2,4,5,"Yes"
"V383785","Female",4,4,3,"Yes"
"V385014","Female",3,3,1,"Yes"
"V385446","Female",3,2,3,"Yes"
"V386022","Female",3,1,2,"Yes"
"V395482","Female",4,4,3,"Yes"
"V402063","Female",3,2,3,"Yes"
"V405018","Female",4,5,5,"Yes"
"V420683","Female",2,2,2,"Yes"
"V433765","Female",3,3,3,"Yes"
"V441781","Female",3,3,2,"Yes"
"V442014","Female",5,4,5,"Yes"
"V469262","Female",2,3,4,"Yes"
"V502095","Female",4,3,3,"Yes"
"V508616","Female",4,4,5,"Yes"
"V522146","Female",3,4,1,"Yes"
"V540566","Female",3,4,4,"Yes"
"V540593","Female",4,5,3,"Yes"
"V551292","Female",4,4,4,"Yes"
"V55806","Female",4,5,5,"Yes"
"V558648","Female",3,3,3,"Yes"
"V585340","Female",4,4,4,"Yes"
"V588439","Female",4,3,3,"Yes"
"V595168","Female",6,5,5,"Yes"
"V598235","Female",5,5,3,"Yes"
"V599639","Female",4,4,4,"Yes"
"V601344","Female",3,3,3,"Yes"
"V603783","Female",2,2,2,"Yes"
"V607093","Female",6,3,4,"Yes"
"V611969","Female",4,4,4,"Yes"
"V612897","Female",2,2,3,"Yes"
"V615120","Female",2,5,5,"Yes"
"V615478","Female",4,4,4,"Yes"
"V620091","Female",5,4,6,"Yes"
"V62176","Female",5,4,4,"Yes"
"V632030","Female",2,3,3,"Yes"
"V634698","Female",4,3,4,"Yes"
"V635294","Female",4,3,3,"Yes"
"V639117","Female",4,3,3,"Yes"
"V649833","Female",3,4,3,"Yes"
"V650172","Female",2,2,3,"Yes"
"V653192","Female",4,3,5,"Yes"
"V67946","Female",3,4,3,"Yes"
"V700908","Female",3,5,2,"Yes"
"V729031","Female",4,4,5,"Yes"
"V739796","Female",3,2,3,"Yes"
"V749792","Female",3,4,3,"Yes"
"V750673","Female",4,4,3,"Yes"
"V758564","Female",4,5,3,"Yes"
"V76665","Female",1,2,3,"Yes"
"V76718","Female",3,3,4,"Yes"
"V79432","Female",3,2,2,"Yes"
"V807781","Female",4,3,2,"Yes"
"V824084","Female",5,3,4,"Yes"
"V847401","Female",2,3,4,"Yes"
"V847470","Female",6,2,5,"Yes"
"V855299","Female",5,4,3,"Yes"
"V866500","Female",4,6,4,"Yes"
"V878052","Female",5,6,6,"Yes"
"V878392","Female",5,5,5,"Yes"
"V882354","Female",2,2,5,"Yes"
"V885983","Female",4,2,3,"Yes"
"V892518","Female",3,3,3,"Yes"
"V899967","Female",4,4,5,"Yes"
"V908559","Female",4,3,2,"Yes"
"V91325","Female",4,3,1,"Yes"
"V917439","Female",2,4,3,"Yes"
"V920462","Female",3,2,3,"Yes"
"V92166","Female",2,2,1,"Yes"
"V922935","Female",4,3,3,"Yes"
"V927165","Female",4,3,5,"Yes"
"V930652","Female",4,3,3,"Yes"
"V93948","Female",3,2,3,"Yes"
"V973926","Female",4,3,3,"Yes"
"V977169","Female",5,5,4,"Yes"
"V996819","Female",2,2,3,"Yes"
"W05933","Female",4,2,3,"Yes"
"W153623","Female",2,5,2,"Yes"
"W166219","Female",3,4,3,"Yes"
"W166540","Female",2,5,3,"Yes"
"W171018","Female",3,3,5,"Yes"
"W193877","Female",4,3,4,"Yes"
"W208663","Female",5,4,4,"Yes"
"W221914","Female",4,3,4,"Yes"
"W247162","Female",3,5,4,"Yes"
"W25766","Female",2,5,3,"Yes"
"W260869","Female",4,3,5,"Yes"
"W286676","Female",4,5,4,"Yes"
"W295340","Female",5,4,5,"Yes"
"W302169","Female",2,1,2,"Yes"
"W303516","Female",3,4,4,"Yes"
"W304055","Female",4,4,5,"Yes"
"W309629","Female",6,5,4,"Yes"
"W312206","Female",3,2,3,"Yes"
"W314163","Female",2,2,2,"Yes"
"W324283","Female",3,3,1,"Yes"
"W327847","Female",3,2,3,"Yes"
"W337859","Female",2,3,2,"Yes"
"W346752","Female",4,4,6,"Yes"
"W347165","Female",2,4,3,"Yes"
"W353625","Female",2,3,3,"Yes"
"W355571","Female",2,4,3,"Yes"
"W368352","Female",4,4,3,"Yes"
"W370920","Female",4,4,2,"Yes"
"W389014","Female",3,3,4,"Yes"
"W427020","Female",3,4,4,"Yes"
"W449612","Female",5,3,4,"Yes"
"W453618","Female",4,3,4,"Yes"
"W458856","Female",3,4,4,"Yes"
"W471076","Female",3,3,3,"Yes"
"W472413","Female",3,4,2,"Yes"
"W483045","Female",5,2,3,"Yes"
"W487861","Female",4,3,3,"Yes"
"W54345","Female",3,3,3,"Yes"
"W552884","Female",4,2,5,"Yes"
"W571989","Female",4,4,4,"Yes"
"W574179","Female",4,2,2,"Yes"
"W58371","Female",4,3,2,"Yes"
"W588734","Female",3,4,2,"Yes"
"W597078","Female",5,3,3,"Yes"
"W59976","Female",4,2,4,"Yes"
"W60561","Female",3,3,3,"Yes"
"W610913","Female",3,1,3,"Yes"
"W613906","Female",3,3,3,"Yes"
"W616179","Female",4,3,3,"Yes"
"W616525","Female",4,4,3,"Yes"
"W61708","Female",1,2,3,"Yes"
"W628853","Female",2,4,2,"Yes"
"W630940","Female",3,1,1,"Yes"
"W631017","Female",4,4,3,"Yes"
"W635086","Female",4,4,5,"Yes"
"W647293","Female",2,2,3,"Yes"
"W651542","Female",4,3,4,"Yes"
"W653435","Female",4,2,3,"Yes"
"W659895","Female",4,2,3,"Yes"
"W671969","Female",5,5,2,"Yes"
"W682855","Female",4,3,3,"Yes"
"W683622","Female",3,4,5,"Yes"
"W689795","Female",4,2,3,"Yes"
"W693810","Female",3,2,3,"Yes"
"W705014","Female",4,3,3,"Yes"
"W738466","Female",4,4,5,"Yes"
"W748883","Female",5,4,4,"Yes"
"W757111","Female",2,2,3,"Yes"
"W766369","Female",4,3,4,"Yes"
"W805678","Female",5,4,4,"Yes"
"W838935","Female",2,3,3,"Yes"
"W843152","Female",4,4,5,"Yes"
"W846119","Female",4,4,4,"Yes"
"W870795","Female",2,2,3,"Yes"
"W872847","Female",4,4,5,"Yes"
"W891810","Female",5,5,3,"Yes"
"W912425","Female",3,2,2,"Yes"
"W928741","Female",4,4,5,"Yes"
"W933344","Female",3,3,4,"Yes"
"W938798","Female",3,5,4,"Yes"
"W941239","Female",2,4,3,"Yes"
"W944417","Female",5,4,3,"Yes"
"W964977","Female",3,2,3,"Yes"
"W965504","Female",4,4,4,"Yes"
"W969757","Female",3,4,3,"Yes"
"W970160","Female",4,3,3,"Yes"
"W974839","Female",5,4,4,"Yes"
"W987217","Female",3,3,5,"Yes"
"X00601","Female",3,2,4,"Yes"
"X04255","Female",6,5,4,"Yes"
"X105310","Female",2,4,4,"Yes"
"X120078","Female",3,4,3,"Yes"
"X12553","Female",4,3,3,"Yes"
"X13388","Female",4,5,5,"Yes"
"X14649","Female",6,5,5,"Yes"
"X147035","Female",4,5,3,"Yes"
"X147440","Female",2,3,3,"Yes"
"X167970","Female",3,3,4,"Yes"
"X172041","Female",3,4,4,"Yes"
"X19436","Female",5,4,5,"Yes"
"X228474","Female",5,4,4,"Yes"
"X258311","Female",1,1,3,"Yes"
"X262381","Female",3,3,4,"Yes"
"X267385","Female",4,3,3,"Yes"
"X30939","Female",3,4,4,"Yes"
"X31491","Female",4,4,4,"Yes"
"X319524","Female",4,4,3,"Yes"
"X345073","Female",1,3,3,"Yes"
"X345797","Female",3,3,3,"Yes"
"X361688","Female",2,1,5,"Yes"
"X365608","Female",5,4,4,"Yes"
"X376072","Female",3,3,3,"Yes"
"X415795","Female",2,2,2,"Yes"
"X423883","Female",3,2,2,"Yes"
"X425839","Female",3,3,3,"Yes"
"X425987","Female",3,4,4,"Yes"
"X426072","Female",4,3,4,"Yes"
"X440051","Female",4,3,3,"Yes"
"X44200","Female",4,6,3,"Yes"
"X451865","Female",2,4,3,"Yes"
"X466953","Female",4,4,5,"Yes"
"X494393","Female",1,3,2,"Yes"
"X496118","Female",4,4,3,"Yes"
"X497460","Female",3,5,4,"Yes"
"X512139","Female",2,3,2,"Yes"
"X517447","Female",4,4,2,"Yes"
"X52150","Female",4,3,3,"Yes"
"X525693","Female",3,1,2,"Yes"
"X542220","Female",5,3,4,"Yes"
"X542926","Female",5,4,3,"Yes"
"X548528","Female",5,4,3,"Yes"
"X556472","Female",3,3,4,"Yes"
"X557239","Female",3,5,4,"Yes"
"X559092","Female",4,4,3,"Yes"
"X584197","Female",3,3,5,"Yes"
"X590319","Female",4,3,3,"Yes"
"X592304","Female",3,3,3,"Yes"
"X59693","Female",2,2,3,"Yes"
"X599390","Female",3,4,6,"Yes"
"X599782","Female",3,3,3,"Yes"
"X603267","Female",3,3,4,"Yes"
"X628021","Female",3,3,3,"Yes"
"X637060","Female",2,2,3,"Yes"
"X646636","Female",3,4,5,"Yes"
"X658080","Female",2,3,1,"Yes"
"X660416","Female",4,5,3,"Yes"
"X664054","Female",3,2,2,"Yes"
"X672018","Female",6,3,5,"Yes"
"X696049","Female",2,3,1,"Yes"
"X701131","Female",4,4,4,"Yes"
"X713288","Female",5,3,4,"Yes"
"X719304","Female",3,4,3,"Yes"
"X742990","Female",5,5,4,"Yes"
"X763934","Female",4,4,2,"Yes"
"X785371","Female",3,3,3,"Yes"
"X788909","Female",4,4,2,"Yes"
"X795579","Female",4,4,3,"Yes"
"X809326","Female",3,4,3,"Yes"
"X833772","Female",5,5,4,"Yes"
"X834600","Female",5,5,5,"Yes"
"X874197","Female",2,2,2,"Yes"
"X875564","Female",4,4,4,"Yes"
"X87865","Female",3,3,3,"Yes"
"X896373","Female",2,3,3,"Yes"
"X906302","Female",5,3,5,"Yes"
"X908828","Female",2,3,4,"Yes"
"X914490","Female",4,3,4,"Yes"
"X915412","Female",3,4,3,"Yes"
"X91732","Female",3,2,5,"Yes"
"X923330","Female",5,3,5,"Yes"
"X940165","Female",5,5,4,"Yes"
"X946359","Female",2,3,3,"Yes"
"X950770","Female",3,3,1,"Yes"
"X955722","Female",4,5,4,"Yes"
"X959290","Female",3,3,3,"Yes"
"X972068","Female",3,2,4,"Yes"
"X972156","Female",4,2,3,"Yes"
"X972558","Female",3,4,4,"Yes"
"X981511","Female",3,4,4,"Yes"
"X984575","Female",3,3,3,"Yes"
"X985013","Female",2,2,3,"Yes"
"X989153","Female",3,3,4,"Yes"
"Y07907","Female",4,3,4,"Yes"
"Y08499","Female",4,4,5,"Yes"
"Y13248","Female",5,5,4,"Yes"
"Y135389","Female",2,4,2,"Yes"
"Y13900","Female",5,3,4,"Yes"
"Y140735","Female",4,3,3,"Yes"
"Y147990","Female",3,3,4,"Yes"
"Y150856","Female",4,4,3,"Yes"
"Y168157","Female",3,2,3,"Yes"
"Y172017","Female",3,5,4,"Yes"
"Y202471","Female",6,5,5,"Yes"
"Y206805","Female",4,3,4,"Yes"
"Y211180","Female",3,3,3,"Yes"
"Y214211","Female",3,3,1,"Yes"
"Y216514","Female",4,4,5,"Yes"
"Y244230","Female",3,4,4,"Yes"
"Y247424","Female",4,3,4,"Yes"
"Y247582","Female",4,3,4,"Yes"
"Y271616","Female",5,4,2,"Yes"
"Y275063","Female",2,4,5,"Yes"
"Y293927","Female",3,3,4,"Yes"
"Y295415","Female",2,3,1,"Yes"
"Y295634","Female",3,3,2,"Yes"
"Y319947","Female",4,4,4,"Yes"
"Y32332","Female",3,2,2,"Yes"
"Y33925","Female",3,4,4,"Yes"
"Y361686","Female",3,3,3,"Yes"
"Y367168","Female",2,2,2,"Yes"
"Y401519","Female",3,4,4,"Yes"
"Y401866","Female",4,5,4,"Yes"
"Y413092","Female",2,3,3,"Yes"
"Y44619","Female",3,4,4,"Yes"
"Y448055","Female",4,4,5,"Yes"
"Y476794","Female",3,5,4,"Yes"
"Y479950","Female",3,3,4,"Yes"
"Y480836","Female",2,2,2,"Yes"
"Y490834","Female",3,4,2,"Yes"
"Y50346","Female",4,4,3,"Yes"
"Y510046","Female",3,6,4,"Yes"
"Y514231","Female",5,3,4,"Yes"
"Y517622","Female",4,2,4,"Yes"
"Y525221","Female",3,3,2,"Yes"
"Y537252","Female",3,2,3,"Yes"
"Y53879","Female",4,3,3,"Yes"
"Y543283","Female",3,3,4,"Yes"
"Y549510","Female",3,3,4,"Yes"
"Y555946","Female",3,5,5,"Yes"
"Y558408","Female",2,3,1,"Yes"
"Y564438","Female",3,4,2,"Yes"
"Y566973","Female",4,4,4,"Yes"
"Y568846","Female",3,3,3,"Yes"
"Y594459","Female",2,2,3,"Yes"
"Y604028","Female",4,3,3,"Yes"
"Y627704","Female",4,4,5,"Yes"
"Y637674","Female",3,3,3,"Yes"
"Y643448","Female",2,2,3,"Yes"
"Y652986","Female",4,3,5,"Yes"
"Y665708","Female",5,5,3,"Yes"
"Y672361","Female",3,3,4,"Yes"
"Y680403","Female",4,4,3,"Yes"
"Y689543","Female",3,3,4,"Yes"
"Y704877","Female",5,3,6,"Yes"
"Y71861","Female",4,4,3,"Yes"
"Y753053","Female",3,3,3,"Yes"
"Y761222","Female",4,3,4,"Yes"
"Y773120","Female",3,3,3,"Yes"
"Y790493","Female",5,4,4,"Yes"
"Y795644","Female",2,2,2,"Yes"
"Y796163","Female",3,3,2,"Yes"
"Y803084","Female",5,5,3,"Yes"
"Y824371","Female",4,2,5,"Yes"
"Y825102","Female",5,3,3,"Yes"
"Y827249","Female",4,4,4,"Yes"
"Y842024","Female",3,2,4,"Yes"
"Y851652","Female",3,3,4,"Yes"
"Y857689","Female",4,4,3,"Yes"
"Y905946","Female",4,4,2,"Yes"
"Y931202","Female",4,3,3,"Yes"
"Y933855","Female",3,3,4,"Yes"
"Y943121","Female",4,4,4,"Yes"
"Y951338","Female",3,2,6,"Yes"
"Y953871","Female",1,3,3,"Yes"
"Y957582","Female",3,3,4,"Yes"
"Y984783","Female",5,3,3,"Yes"
"Y986628","Female",5,5,2,"Yes"
"Y98868","Female",4,5,4,"Yes"
"Y998384","Female",5,3,3,"Yes"
"Y999795","Female",2,2,4,"Yes"
"Z105647","Female",4,3,2,"Yes"
"Z112130","Female",4,4,2,"Yes"
"Z11338","Female",2,3,3,"Yes"
"Z129369","Female",4,4,3,"Yes"
"Z131585","Female",2,3,3,"Yes"
"Z15707","Female",3,5,5,"Yes"
"Z161414","Female",2,3,2,"Yes"
"Z172324","Female",3,3,3,"Yes"
"Z184886","Female",4,4,2,"Yes"
"Z188926","Female",4,4,4,"Yes"
"Z189601","Female",4,4,5,"Yes"
"Z197598","Female",4,3,3,"Yes"
"Z205002","Female",4,6,3,"Yes"
"Z208862","Female",4,3,4,"Yes"
"Z210341","Female",3,4,2,"Yes"
"Z213701","Female",5,3,3,"Yes"
"Z215431","Female",3,3,5,"Yes"
"Z219421","Female",3,2,4,"Yes"
"Z236621","Female",2,4,3,"Yes"
"Z239104","Female",4,4,5,"Yes"
"Z245249","Female",2,3,3,"Yes"
"Z282127","Female",5,4,3,"Yes"
"Z285585","Female",3,3,1,"Yes"
"Z292423","Female",4,4,5,"Yes"
"Z296111","Female",2,3,3,"Yes"
"Z297011","Female",2,4,4,"Yes"
"Z317359","Female",4,3,6,"Yes"
"Z334403","Female",4,5,3,"Yes"
"Z342798","Female",5,4,3,"Yes"
"Z345451","Female",3,5,6,"Yes"
"Z367148","Female",2,3,5,"Yes"
"Z383963","Female",7,5,5,"Yes"
"Z389606","Female",4,3,4,"Yes"
"Z392431","Female",5,4,4,"Yes"
"Z405442","Female",2,3,2,"Yes"
"Z409213","Female",4,4,5,"Yes"
"Z41986","Female",3,4,4,"Yes"
"Z424457","Female",4,2,4,"Yes"
"Z470192","Female",5,4,6,"Yes"
"Z471500","Female",3,2,1,"Yes"
"Z479356","Female",2,4,4,"Yes"
"Z480141","Female",3,2,3,"Yes"
"Z493920","Female",2,2,3,"Yes"
"Z494784","Female",3,4,3,"Yes"
"Z495835","Female",3,4,4,"Yes"
"Z501409","Female",5,4,4,"Yes"
"Z503842","Female",3,3,5,"Yes"
"Z517265","Female",6,4,4,"Yes"
"Z525344","Female",3,2,2,"Yes"
"Z526333","Female",3,1,2,"Yes"
"Z551553","Female",4,3,3,"Yes"
"Z580866","Female",5,6,4,"Yes"
"Z592090","Female",5,4,6,"Yes"
"Z600729","Female",4,3,3,"Yes"
"Z61025","Female",4,6,3,"Yes"
"Z624049","Female",3,3,4,"Yes"
"Z624812","Female",4,4,3,"Yes"
"Z634510","Female",3,3,4,"Yes"
"Z659653","Female",3,3,3,"Yes"
"Z665264","Female",3,3,4,"Yes"
"Z677194","Female",5,4,3,"Yes"
"Z713535","Female",2,3,3,"Yes"
"Z72807","Female",3,2,2,"Yes"
"Z738137","Female",4,4,4,"Yes"
"Z742527","Female",3,2,4,"Yes"
"Z745059","Female",3,3,2,"Yes"
"Z763537","Female",3,5,4,"Yes"
"Z775001","Female",4,4,2,"Yes"
"Z784446","Female",1,2,3,"Yes"
"Z786235","Female",3,3,4,"Yes"
"Z826011","Female",2,2,2,"Yes"
"Z830387","Female",5,4,5,"Yes"
"Z840760","Female",4,3,6,"Yes"
"Z842388","Female",2,4,4,"Yes"
"Z842961","Female",3,3,2,"Yes"
"Z849200","Female",2,4,3,"Yes"
"Z85067","Female",3,4,4,"Yes"
"Z852663","Female",3,4,3,"Yes"
"Z858434","Female",5,4,3,"Yes"
"Z865787","Female",3,4,2,"Yes"
"Z867528","Female",3,3,2,"Yes"
"Z884144","Female",2,2,2,"Yes"
"Z888971","Female",4,5,3,"Yes"
"Z90333","Female",4,2,3,"Yes"
"Z929463","Female",3,2,3,"Yes"
"Z931013","Female",4,5,2,"Yes"
"Z944286","Female",3,4,4,"Yes"
"Z946217","Female",3,3,1,"Yes"
"Z960689","Female",3,2,2,"Yes"
"Z968343","Female",3,3,3,"Yes"
"Z979585","Female",3,3,2,"Yes"
"Z985297","Female",4,4,3,"Yes"
"Z990229","Female",3,4,4,"Yes"
"Z993409","Female",4,3,4,"Yes"
"Z99425","Female",4,4,4,"Yes"
"Z995043","Female",3,4,5,"Yes"
